,Year,Product,Commodity Type,Price
0,2012,"RICE, REGULAR MILLED, LOOSE, 1 KG",Cereals,33.48
1,2013,"RICE, REGULAR MILLED, LOOSE, 1 KG",Cereals,34.95
2,2014,"RICE, REGULAR MILLED, LOOSE, 1 KG",Cereals,39.76
3,2015,"RICE, REGULAR MILLED, LOOSE, 1 KG",Cereals,39.47
4,2016,"RICE, REGULAR MILLED, LOOSE, 1 KG",Cereals,39.02
5,2017,"RICE, REGULAR MILLED, LOOSE, 1 KG",Cereals,39.52
6,2018,"RICE, REGULAR MILLED, LOOSE, 1 KG",Cereals,42.8
7,2019,"RICE, REGULAR MILLED, LOOSE, 1 KG",Cereals,40.57
8,2020,"RICE, REGULAR MILLED, LOOSE, 1 KG",Cereals,38.64
9,2021,"RICE, REGULAR MILLED, LOOSE, 1 KG",Cereals,37.6
10,2012,"RICE, SPECIAL, 1 KG",Cereals,42.69
11,2013,"RICE, SPECIAL, 1 KG",Cereals,43.42
12,2014,"RICE, SPECIAL, 1 KG",Cereals,47.78
13,2015,"RICE, SPECIAL, 1 KG",Cereals,48.45
14,2016,"RICE, SPECIAL, 1 KG",Cereals,48.47
15,2017,"RICE, SPECIAL, 1 KG",Cereals,49.31
16,2018,"RICE, SPECIAL, 1 KG",Cereals,52.14
17,2019,"RICE, SPECIAL, 1 KG",Cereals,51.94
18,2020,"RICE, SPECIAL, 1 KG",Cereals,50.23
19,2021,"RICE, SPECIAL, 1 KG",Cereals,50.28
20,2012,"RICE, WELL MILLED, LOOSE, 1 KG",Cereals,36.71
21,2013,"RICE, WELL MILLED, LOOSE, 1 KG",Cereals,38.14
22,2014,"RICE, WELL MILLED, LOOSE, 1 KG",Cereals,42.79
23,2015,"RICE, WELL MILLED, LOOSE, 1 KG",Cereals,43
24,2016,"RICE, WELL MILLED, LOOSE, 1 KG",Cereals,42.94
25,2017,"RICE, WELL MILLED, LOOSE, 1 KG",Cereals,43.56
26,2018,"RICE, WELL MILLED, LOOSE, 1 KG",Cereals,46.62
27,2019,"RICE, WELL MILLED, LOOSE, 1 KG",Cereals,44.43
28,2020,"RICE, WELL MILLED, LOOSE, 1 KG",Cereals,42.83
29,2021,"RICE, WELL MILLED, LOOSE, 1 KG",Cereals,42.44
30,2012,"CORN GRITS, CORN WHITE, 1 KG",Cereals,26.23
31,2013,"CORN GRITS, CORN WHITE, 1 KG",Cereals,27.85
32,2014,"CORN GRITS, CORN WHITE, 1 KG",Cereals,29.59
33,2015,"CORN GRITS, CORN WHITE, 1 KG",Cereals,30.04
34,2016,"CORN GRITS, CORN WHITE, 1 KG",Cereals,30.69
35,2017,"CORN GRITS, CORN WHITE, 1 KG",Cereals,30.96
36,2018,"CORN GRITS, CORN WHITE, 1 KG",Cereals,32.14
37,2019,"CORN GRITS, CORN WHITE, 1 KG",Cereals,32.48
38,2020,"CORN GRITS, CORN WHITE, 1 KG",Cereals,31.84
39,2021,"CORN GRITS, CORN WHITE, 1 KG",Cereals,31.89
40,2012,"CORN GRITS, LOTUS, WHITE, 1 KG",Cereals,29.3
41,2013,"CORN GRITS, LOTUS, WHITE, 1 KG",Cereals,30.38
42,2014,"CORN GRITS, LOTUS, WHITE, 1 KG",Cereals,33.48
43,2015,"CORN GRITS, LOTUS, WHITE, 1 KG",Cereals,29.91
44,2016,"CORN GRITS, LOTUS, WHITE, 1 KG",Cereals,28.98
45,2017,"CORN GRITS, LOTUS, WHITE, 1 KG",Cereals,28.96
46,2018,"CORN GRITS, LOTUS, WHITE, 1 KG",Cereals,38.09
47,2019,"CORN GRITS, LOTUS, WHITE, 1 KG",Cereals,30.67
48,2020,"CORN GRITS, LOTUS, WHITE, 1 KG",Cereals,32.17
49,2021,"CORN GRITS, LOTUS, WHITE, 1 KG",Cereals,35.95
50,2012,"CORN GRITS, WHITE, #10, LOOSE, 1 KG",Cereals,33.26
51,2013,"CORN GRITS, WHITE, #10, LOOSE, 1 KG",Cereals,29.67
52,2014,"CORN GRITS, WHITE, #10, LOOSE, 1 KG",Cereals,27.62
53,2015,"CORN GRITS, WHITE, #10, LOOSE, 1 KG",Cereals,25.09
54,2016,"CORN GRITS, WHITE, #10, LOOSE, 1 KG",Cereals,24.32
55,2017,"CORN GRITS, WHITE, #10, LOOSE, 1 KG",Cereals,25.15
56,2018,"CORN GRITS, WHITE, #10, LOOSE, 1 KG",Cereals,31.2
57,2019,"CORN GRITS, WHITE, #10, LOOSE, 1 KG",Cereals,26.72
58,2020,"CORN GRITS, WHITE, #10, LOOSE, 1 KG",Cereals,24.7
59,2021,"CORN GRITS, WHITE, #10, LOOSE, 1 KG",Cereals,29.81
60,2012,"CORN GRITS, WHITE, #12, LOOSE, 1 KG",Cereals,24.39
61,2013,"CORN GRITS, WHITE, #12, LOOSE, 1 KG",Cereals,24.73
62,2014,"CORN GRITS, WHITE, #12, LOOSE, 1 KG",Cereals,26
63,2015,"CORN GRITS, WHITE, #12, LOOSE, 1 KG",Cereals,27
64,2016,"CORN GRITS, WHITE, #12, LOOSE, 1 KG",Cereals,26.95
65,2017,"CORN GRITS, WHITE, #12, LOOSE, 1 KG",Cereals,27.72
66,2018,"CORN GRITS, WHITE, #12, LOOSE, 1 KG",Cereals,32.72
67,2019,"CORN GRITS, WHITE, #12, LOOSE, 1 KG",Cereals,29.06
68,2020,"CORN GRITS, WHITE, #12, LOOSE, 1 KG",Cereals,27.86
69,2021,"CORN GRITS, WHITE, #12, LOOSE, 1 KG",Cereals,30.95
70,2012,"CORN GRITS, WHITE, #14, LOOSE, 1 KG",Cereals,24.82
71,2013,"CORN GRITS, WHITE, #14, LOOSE, 1 KG",Cereals,25.02
72,2014,"CORN GRITS, WHITE, #14, LOOSE, 1 KG",Cereals,25.71
73,2015,"CORN GRITS, WHITE, #14, LOOSE, 1 KG",Cereals,27.96
74,2016,"CORN GRITS, WHITE, #14, LOOSE, 1 KG",Cereals,27.04
75,2017,"CORN GRITS, WHITE, #14, LOOSE, 1 KG",Cereals,27.4
76,2018,"CORN GRITS, WHITE, #14, LOOSE, 1 KG",Cereals,31.69
77,2019,"CORN GRITS, WHITE, #14, LOOSE, 1 KG",Cereals,27.02
78,2020,"CORN GRITS, WHITE, #14, LOOSE, 1 KG",Cereals,26.88
79,2021,"CORN GRITS, WHITE, #14, LOOSE, 1 KG",Cereals,31.45
80,2012,"CORN GRITS, WHITE, 1 KG",Cereals,29.65
81,2013,"CORN GRITS, WHITE, 1 KG",Cereals,29.94
82,2014,"CORN GRITS, WHITE, 1 KG",Cereals,31.63
83,2015,"CORN GRITS, WHITE, 1 KG",Cereals,30.25
84,2016,"CORN GRITS, WHITE, 1 KG",Cereals,29.35
85,2017,"CORN GRITS, WHITE, 1 KG",Cereals,29.12
86,2018,"CORN GRITS, WHITE, 1 KG",Cereals,33.26
87,2019,"CORN GRITS, WHITE, 1 KG",Cereals,30.57
88,2020,"CORN GRITS, WHITE, 1 KG",Cereals,30.08
89,2021,"CORN GRITS, WHITE, 1 KG",Cereals,33.51
90,2012,"CORN GRITS, YELLOW FLINT, #12, LOOSE, 1 KG",Cereals,23.88
91,2013,"CORN GRITS, YELLOW FLINT, #12, LOOSE, 1 KG",Cereals,24.12
92,2014,"CORN GRITS, YELLOW FLINT, #12, LOOSE, 1 KG",Cereals,24.48
93,2015,"CORN GRITS, YELLOW FLINT, #12, LOOSE, 1 KG",Cereals,22.53
94,2016,"CORN GRITS, YELLOW FLINT, #12, LOOSE, 1 KG",Cereals,23.22
95,2017,"CORN GRITS, YELLOW FLINT, #12, LOOSE, 1 KG",Cereals,22.04
96,2018,"CORN GRITS, YELLOW FLINT, #12, LOOSE, 1 KG",Cereals,26.51
97,2019,"CORN GRITS, YELLOW FLINT, #12, LOOSE, 1 KG",Cereals,26.42
98,2020,"CORN GRITS, YELLOW FLINT, #12, LOOSE, 1 KG",Cereals,22.84
99,2021,"CORN GRITS, YELLOW FLINT, #12, LOOSE, 1 KG",Cereals,25.01
100,2012,"CORN GRITS, YELLOW, 1 KG",Cereals,24.57
101,2013,"CORN GRITS, YELLOW, 1 KG",Cereals,24.53
102,2014,"CORN GRITS, YELLOW, 1 KG",Cereals,25.07
103,2015,"CORN GRITS, YELLOW, 1 KG",Cereals,25.31
104,2016,"CORN GRITS, YELLOW, 1 KG",Cereals,26.03
105,2017,"CORN GRITS, YELLOW, 1 KG",Cereals,26.39
106,2018,"CORN GRITS, YELLOW, 1 KG",Cereals,27.07
107,2019,"CORN GRITS, YELLOW, 1 KG",Cereals,27.74
108,2020,"CORN GRITS, YELLOW, 1 KG",Cereals,28.4
109,2021,"CORN GRITS, YELLOW, 1 KG",Cereals,28.51
110,2012,"CORN GRITS, YELLOW, GRAIN, 1 KG",Cereals,27.09
111,2013,"CORN GRITS, YELLOW, GRAIN, 1 KG",Cereals,26.19
112,2014,"CORN GRITS, YELLOW, GRAIN, 1 KG",Cereals,26.33
113,2015,"CORN GRITS, YELLOW, GRAIN, 1 KG",Cereals,26.06
114,2016,"CORN GRITS, YELLOW, GRAIN, 1 KG",Cereals,26.15
115,2017,"CORN GRITS, YELLOW, GRAIN, 1 KG",Cereals,25.51
116,2018,"CORN GRITS, YELLOW, GRAIN, 1 KG",Cereals,26.79
117,2019,"CORN GRITS, YELLOW, GRAIN, 1 KG",Cereals,27.11
118,2020,"CORN GRITS, YELLOW, GRAIN, 1 KG",Cereals,30.27
119,2021,"CORN GRITS, YELLOW, GRAIN, 1 KG",Cereals,31.27
120,2012,"CORN GRITS, YELLOW, NATIVE, 1 KG",Cereals,33.1
121,2013,"CORN GRITS, YELLOW, NATIVE, 1 KG",Cereals,34.03
122,2014,"CORN GRITS, YELLOW, NATIVE, 1 KG",Cereals,35.29
123,2015,"CORN GRITS, YELLOW, NATIVE, 1 KG",Cereals,38.01
124,2016,"CORN GRITS, YELLOW, NATIVE, 1 KG",Cereals,43.7
125,2017,"CORN GRITS, YELLOW, NATIVE, 1 KG",Cereals,45.1
126,2018,"CORN GRITS, YELLOW, NATIVE, 1 KG",Cereals,46.91
127,2019,"CORN GRITS, YELLOW, NATIVE, 1 KG",Cereals,40.48
128,2020,"CORN GRITS, YELLOW, NATIVE, 1 KG",Cereals,39.77
129,2021,"CORN GRITS, YELLOW, NATIVE, 1 KG",Cereals,41.58
130,2012,"CORN, WHOLE GRAIN, YELLOW, 1 KG",Cereals,21.35
131,2013,"CORN, WHOLE GRAIN, YELLOW, 1 KG",Cereals,22.07
132,2014,"CORN, WHOLE GRAIN, YELLOW, 1 KG",Cereals,22.37
133,2015,"CORN, WHOLE GRAIN, YELLOW, 1 KG",Cereals,23.11
134,2016,"CORN, WHOLE GRAIN, YELLOW, 1 KG",Cereals,23.08
135,2017,"CORN, WHOLE GRAIN, YELLOW, 1 KG",Cereals,22.97
136,2018,"CORN, WHOLE GRAIN, YELLOW, 1 KG",Cereals,24.81
137,2019,"CORN, WHOLE GRAIN, YELLOW, 1 KG",Cereals,25.25
138,2020,"CORN, WHOLE GRAIN, YELLOW, 1 KG",Cereals,24.88
139,2021,"CORN, WHOLE GRAIN, YELLOW, 1 KG",Cereals,24.69
140,2012,"WHOLE CORN GRAIN, POPCORN, YELLOW, 1 KG",Cereals,19.97
141,2013,"WHOLE CORN GRAIN, POPCORN, YELLOW, 1 KG",Cereals,25.04
142,2014,"WHOLE CORN GRAIN, POPCORN, YELLOW, 1 KG",Cereals,28.71
143,2015,"WHOLE CORN GRAIN, POPCORN, YELLOW, 1 KG",Cereals,28.88
144,2016,"WHOLE CORN GRAIN, POPCORN, YELLOW, 1 KG",Cereals,29.55
145,2017,"WHOLE CORN GRAIN, POPCORN, YELLOW, 1 KG",Cereals,32.41
146,2018,"WHOLE CORN GRAIN, POPCORN, YELLOW, 1 KG",Cereals,29.96
147,2019,"WHOLE CORN GRAIN, POPCORN, YELLOW, 1 KG",Cereals,30.5
148,2020,"WHOLE CORN GRAIN, POPCORN, YELLOW, 1 KG",Cereals,34.61
149,2021,"WHOLE CORN GRAIN, POPCORN, YELLOW, 1 KG",Cereals,61.5
150,2012,"WHOLE CORN GRAIN, WHITE, 1 KG",Cereals,24.7
151,2013,"WHOLE CORN GRAIN, WHITE, 1 KG",Cereals,25.79
152,2014,"WHOLE CORN GRAIN, WHITE, 1 KG",Cereals,26.45
153,2015,"WHOLE CORN GRAIN, WHITE, 1 KG",Cereals,26.9
154,2016,"WHOLE CORN GRAIN, WHITE, 1 KG",Cereals,26.67
155,2017,"WHOLE CORN GRAIN, WHITE, 1 KG",Cereals,27.13
156,2018,"WHOLE CORN GRAIN, WHITE, 1 KG",Cereals,29.27
157,2019,"WHOLE CORN GRAIN, WHITE, 1 KG",Cereals,29.09
158,2020,"WHOLE CORN GRAIN, WHITE, 1 KG",Cereals,28.21
159,2021,"WHOLE CORN GRAIN, WHITE, 1 KG",Cereals,29.47
160,2012,"WHOLE CORN GRAIN, YELLOW, 1 KG",Cereals,24.68
161,2013,"WHOLE CORN GRAIN, YELLOW, 1 KG",Cereals,24.36
162,2014,"WHOLE CORN GRAIN, YELLOW, 1 KG",Cereals,24.82
163,2015,"WHOLE CORN GRAIN, YELLOW, 1 KG",Cereals,25.36
164,2016,"WHOLE CORN GRAIN, YELLOW, 1 KG",Cereals,25.43
165,2017,"WHOLE CORN GRAIN, YELLOW, 1 KG",Cereals,25.5
166,2018,"WHOLE CORN GRAIN, YELLOW, 1 KG",Cereals,25.64
167,2019,"WHOLE CORN GRAIN, YELLOW, 1 KG",Cereals,26.48
168,2020,"WHOLE CORN GRAIN, YELLOW, 1 KG",Cereals,26.52
169,2021,"WHOLE CORN GRAIN, YELLOW, 1 KG",Cereals,27.98
170,2012,"WHOLE CORN ON THE COB, SWEET CORN, 1 KG",Cereals,30.54
171,2013,"WHOLE CORN ON THE COB, SWEET CORN, 1 KG",Cereals,32.64
172,2014,"WHOLE CORN ON THE COB, SWEET CORN, 1 KG",Cereals,35.53
173,2015,"WHOLE CORN ON THE COB, SWEET CORN, 1 KG",Cereals,36.71
174,2016,"WHOLE CORN ON THE COB, SWEET CORN, 1 KG",Cereals,37.63
175,2017,"WHOLE CORN ON THE COB, SWEET CORN, 1 KG",Cereals,38.99
176,2018,"WHOLE CORN ON THE COB, SWEET CORN, 1 KG",Cereals,41.41
177,2019,"WHOLE CORN ON THE COB, SWEET CORN, 1 KG",Cereals,43.12
178,2020,"WHOLE CORN ON THE COB, SWEET CORN, 1 KG",Cereals,46.93
179,2021,"WHOLE CORN ON THE COB, SWEET CORN, 1 KG",Cereals,50.77
180,2012,"CARROTS, 1 KG",Rootcrops,65.52
181,2013,"CARROTS, 1 KG",Rootcrops,61.5
182,2014,"CARROTS, 1 KG",Rootcrops,69.59
183,2015,"CARROTS, 1 KG",Rootcrops,69.06
184,2016,"CARROTS, 1 KG",Rootcrops,75.2
185,2017,"CARROTS, 1 KG",Rootcrops,81.82
186,2018,"CARROTS, 1 KG",Rootcrops,85.46
187,2019,"CARROTS, 1 KG",Rootcrops,80.64
188,2020,"CARROTS, 1 KG",Rootcrops,81.17
189,2021,"CARROTS, 1 KG",Rootcrops,92.58
190,2012,"CASSAVA, 1 KG",Rootcrops,19.28
191,2013,"CASSAVA, 1 KG",Rootcrops,19.91
192,2014,"CASSAVA, 1 KG",Rootcrops,20.84
193,2015,"CASSAVA, 1 KG",Rootcrops,21.45
194,2016,"CASSAVA, 1 KG",Rootcrops,22.02
195,2017,"CASSAVA, 1 KG",Rootcrops,22.61
196,2018,"CASSAVA, 1 KG",Rootcrops,26.36
197,2019,"CASSAVA, 1 KG",Rootcrops,27.8
198,2020,"CASSAVA, 1 KG",Rootcrops,29.24
199,2021,"CASSAVA, 1 KG",Rootcrops,29.74
200,2012,"GABI TUBERS, CEBU, 1 KG",Rootcrops,24.71
201,2013,"GABI TUBERS, CEBU, 1 KG",Rootcrops,26.55
202,2014,"GABI TUBERS, CEBU, 1 KG",Rootcrops,30.74
203,2015,"GABI TUBERS, CEBU, 1 KG",Rootcrops,32.12
204,2016,"GABI TUBERS, CEBU, 1 KG",Rootcrops,38.1
205,2017,"GABI TUBERS, CEBU, 1 KG",Rootcrops,40.96
206,2018,"GABI TUBERS, CEBU, 1 KG",Rootcrops,42.51
207,2019,"GABI TUBERS, CEBU, 1 KG",Rootcrops,51.56
208,2020,"GABI TUBERS, CEBU, 1 KG",Rootcrops,58.01
209,2021,"GABI TUBERS, CEBU, 1 KG",Rootcrops,55.68
210,2012,"GABI TUBERS, TAGALOG, 1 KG",Rootcrops,36.07
211,2013,"GABI TUBERS, TAGALOG, 1 KG",Rootcrops,37.8
212,2014,"GABI TUBERS, TAGALOG, 1 KG",Rootcrops,40.81
213,2015,"GABI TUBERS, TAGALOG, 1 KG",Rootcrops,42.5
214,2016,"GABI TUBERS, TAGALOG, 1 KG",Rootcrops,43.21
215,2017,"GABI TUBERS, TAGALOG, 1 KG",Rootcrops,44.86
216,2018,"GABI TUBERS, TAGALOG, 1 KG",Rootcrops,47.12
217,2019,"GABI TUBERS, TAGALOG, 1 KG",Rootcrops,54.76
218,2020,"GABI TUBERS, TAGALOG, 1 KG",Rootcrops,62.13
219,2021,"GABI TUBERS, TAGALOG, 1 KG",Rootcrops,60.17
220,2012,"POTATO, 1 KG",Rootcrops,60.41
221,2013,"POTATO, 1 KG",Rootcrops,63.9
222,2014,"POTATO, 1 KG",Rootcrops,70.84
223,2015,"POTATO, 1 KG",Rootcrops,62.9
224,2016,"POTATO, 1 KG",Rootcrops,78.01
225,2017,"POTATO, 1 KG",Rootcrops,77.65
226,2018,"POTATO, 1 KG",Rootcrops,79.82
227,2019,"POTATO, 1 KG",Rootcrops,81.67
228,2020,"POTATO, 1 KG",Rootcrops,87.25
229,2021,"POTATO, 1 KG",Rootcrops,86.51
230,2012,"POTATO, IRISH (WHITE), 1 KG",Rootcrops,56.88
231,2013,"POTATO, IRISH (WHITE), 1 KG",Rootcrops,60.66
232,2014,"POTATO, IRISH (WHITE), 1 KG",Rootcrops,65.44
233,2015,"POTATO, IRISH (WHITE), 1 KG",Rootcrops,53.26
234,2016,"POTATO, IRISH (WHITE), 1 KG",Rootcrops,71.61
235,2017,"POTATO, IRISH (WHITE), 1 KG",Rootcrops,66.95
236,2018,"POTATO, IRISH (WHITE), 1 KG",Rootcrops,73.86
237,2019,"POTATO, IRISH (WHITE), 1 KG",Rootcrops,77.49
238,2020,"POTATO, IRISH (WHITE), 1 KG",Rootcrops,79.36
239,2021,"POTATO, IRISH (WHITE), 1 KG",Rootcrops,70.87
240,2012,"SWEET POTATO (CAMOTE), 1 KG",Rootcrops,24.22
241,2013,"SWEET POTATO (CAMOTE), 1 KG",Rootcrops,25.23
242,2014,"SWEET POTATO (CAMOTE), 1 KG",Rootcrops,28.24
243,2015,"SWEET POTATO (CAMOTE), 1 KG",Rootcrops,32.03
244,2016,"SWEET POTATO (CAMOTE), 1 KG",Rootcrops,34.71
245,2017,"SWEET POTATO (CAMOTE), 1 KG",Rootcrops,37.11
246,2018,"SWEET POTATO (CAMOTE), 1 KG",Rootcrops,42.34
247,2019,"SWEET POTATO (CAMOTE), 1 KG",Rootcrops,42.16
248,2020,"SWEET POTATO (CAMOTE), 1 KG",Rootcrops,44.01
249,2021,"SWEET POTATO (CAMOTE), 1 KG",Rootcrops,42.62
250,2012,"SWEET POTATO (CAMOTE), NATIVE, 1 KG",Rootcrops,38.37
251,2013,"SWEET POTATO (CAMOTE), NATIVE, 1 KG",Rootcrops,40.44
252,2014,"SWEET POTATO (CAMOTE), NATIVE, 1 KG",Rootcrops,43.8
253,2015,"SWEET POTATO (CAMOTE), NATIVE, 1 KG",Rootcrops,45.83
254,2016,"SWEET POTATO (CAMOTE), NATIVE, 1 KG",Rootcrops,49.85
255,2017,"SWEET POTATO (CAMOTE), NATIVE, 1 KG",Rootcrops,53.47
256,2018,"SWEET POTATO (CAMOTE), NATIVE, 1 KG",Rootcrops,58.52
257,2019,"SWEET POTATO (CAMOTE), NATIVE, 1 KG",Rootcrops,59.32
258,2020,"SWEET POTATO (CAMOTE), NATIVE, 1 KG",Rootcrops,52.05
259,2021,"SWEET POTATO (CAMOTE), NATIVE, 1 KG",Rootcrops,44.02
260,2012,"RADDISH (LABANOS), 1 KG",Rootcrops,35.98
261,2013,"RADDISH (LABANOS), 1 KG",Rootcrops,38.56
262,2014,"RADDISH (LABANOS), 1 KG",Rootcrops,40.74
263,2015,"RADDISH (LABANOS), 1 KG",Rootcrops,42.32
264,2016,"RADDISH (LABANOS), 1 KG",Rootcrops,49.16
265,2017,"RADDISH (LABANOS), 1 KG",Rootcrops,51.19
266,2018,"RADDISH (LABANOS), 1 KG",Rootcrops,57.49
267,2019,"RADDISH (LABANOS), 1 KG",Rootcrops,60.64
268,2020,"RADDISH (LABANOS), 1 KG",Rootcrops,61.68
269,2021,"RADDISH (LABANOS), 1 KG",Rootcrops,67.15
270,2012,"GABI TUBERS, NATIVE, 1 KG",Rootcrops,29.16
271,2013,"GABI TUBERS, NATIVE, 1 KG",Rootcrops,30.81
272,2014,"GABI TUBERS, NATIVE, 1 KG",Rootcrops,34.17
273,2015,"GABI TUBERS, NATIVE, 1 KG",Rootcrops,36.22
274,2016,"GABI TUBERS, NATIVE, 1 KG",Rootcrops,40.88
275,2017,"GABI TUBERS, NATIVE, 1 KG",Rootcrops,41.25
276,2018,"GABI TUBERS, NATIVE, 1 KG",Rootcrops,41.14
277,2019,"GABI TUBERS, NATIVE, 1 KG",Rootcrops,46.88
278,2020,"GABI TUBERS, NATIVE, 1 KG",Rootcrops,53.99
279,2021,"GABI TUBERS, NATIVE, 1 KG",Rootcrops,50.25
280,2012,"SWEET POTATO (CAMOTE), YELLOW, 1 KG",Rootcrops,22.72
281,2013,"SWEET POTATO (CAMOTE), YELLOW, 1 KG",Rootcrops,25.52
282,2014,"SWEET POTATO (CAMOTE), YELLOW, 1 KG",Rootcrops,28.02
283,2015,"SWEET POTATO (CAMOTE), YELLOW, 1 KG",Rootcrops,30.08
284,2016,"SWEET POTATO (CAMOTE), YELLOW, 1 KG",Rootcrops,33.23
285,2017,"SWEET POTATO (CAMOTE), YELLOW, 1 KG",Rootcrops,33.39
286,2018,"SWEET POTATO (CAMOTE), YELLOW, 1 KG",Rootcrops,38.19
287,2019,"SWEET POTATO (CAMOTE), YELLOW, 1 KG",Rootcrops,43.11
288,2020,"SWEET POTATO (CAMOTE), YELLOW, 1 KG",Rootcrops,43.38
289,2021,"SWEET POTATO (CAMOTE), YELLOW, 1 KG",Rootcrops,40.05
290,2012,"RAW PEANUT, SHELLED, 1 KG",Beans and Legumes,86.83
291,2013,"RAW PEANUT, SHELLED, 1 KG",Beans and Legumes,88.31
292,2014,"RAW PEANUT, SHELLED, 1 KG",Beans and Legumes,90.69
293,2015,"RAW PEANUT, SHELLED, 1 KG",Beans and Legumes,94.32
294,2016,"RAW PEANUT, SHELLED, 1 KG",Beans and Legumes,96.6
295,2017,"RAW PEANUT, SHELLED, 1 KG",Beans and Legumes,98.16
296,2018,"RAW PEANUT, SHELLED, 1 KG",Beans and Legumes,99.14
297,2019,"RAW PEANUT, SHELLED, 1 KG",Beans and Legumes,98.68
298,2020,"RAW PEANUT, SHELLED, 1 KG",Beans and Legumes,100.59
299,2021,"RAW PEANUT, SHELLED, 1 KG",Beans and Legumes,100.44
300,2012,"RAW PEANUT, UNSHELLED, 1 KG",Beans and Legumes,71.16
301,2013,"RAW PEANUT, UNSHELLED, 1 KG",Beans and Legumes,72.01
302,2014,"RAW PEANUT, UNSHELLED, 1 KG",Beans and Legumes,75.08
303,2015,"RAW PEANUT, UNSHELLED, 1 KG",Beans and Legumes,75.39
304,2016,"RAW PEANUT, UNSHELLED, 1 KG",Beans and Legumes,77.13
305,2017,"RAW PEANUT, UNSHELLED, 1 KG",Beans and Legumes,75.87
306,2018,"RAW PEANUT, UNSHELLED, 1 KG",Beans and Legumes,79.9
307,2019,"RAW PEANUT, UNSHELLED, 1 KG",Beans and Legumes,81.8
308,2020,"RAW PEANUT, UNSHELLED, 1 KG",Beans and Legumes,84.01
309,2021,"RAW PEANUT, UNSHELLED, 1 KG",Beans and Legumes,84.13
310,2012,"BAGUIO BEANS, 1 KG",Beans and Legumes,54.74
311,2013,"BAGUIO BEANS, 1 KG",Beans and Legumes,56.18
312,2014,"BAGUIO BEANS, 1 KG",Beans and Legumes,57.56
313,2015,"BAGUIO BEANS, 1 KG",Beans and Legumes,63.21
314,2016,"BAGUIO BEANS, 1 KG",Beans and Legumes,69.01
315,2017,"BAGUIO BEANS, 1 KG",Beans and Legumes,68.37
316,2018,"BAGUIO BEANS, 1 KG",Beans and Legumes,77.45
317,2019,"BAGUIO BEANS, 1 KG",Beans and Legumes,79.24
318,2020,"BAGUIO BEANS, 1 KG",Beans and Legumes,82.5
319,2021,"BAGUIO BEANS, 1 KG",Beans and Legumes,88.66
320,2012,"MONGGO, GREEN, 1 KG",Beans and Legumes,76.65
321,2013,"MONGGO, GREEN, 1 KG",Beans and Legumes,74.12
322,2014,"MONGGO, GREEN, 1 KG",Beans and Legumes,80.56
323,2015,"MONGGO, GREEN, 1 KG",Beans and Legumes,88.69
324,2016,"MONGGO, GREEN, 1 KG",Beans and Legumes,89.18
325,2017,"MONGGO, GREEN, 1 KG",Beans and Legumes,91.67
326,2018,"MONGGO, GREEN, 1 KG",Beans and Legumes,89.48
327,2019,"MONGGO, GREEN, 1 KG",Beans and Legumes,88.43
328,2020,"MONGGO, GREEN, 1 KG",Beans and Legumes,92.25
329,2021,"MONGGO, GREEN, 1 KG",Beans and Legumes,97.93
330,2012,"STRING BEANS, 1 KG",Beans and Legumes,31.8
331,2013,"STRING BEANS, 1 KG",Beans and Legumes,32.34
332,2014,"STRING BEANS, 1 KG",Beans and Legumes,35.06
333,2015,"STRING BEANS, 1 KG",Beans and Legumes,37.66
334,2016,"STRING BEANS, 1 KG",Beans and Legumes,38.38
335,2017,"STRING BEANS, 1 KG",Beans and Legumes,39.38
336,2018,"STRING BEANS, 1 KG",Beans and Legumes,47.21
337,2019,"STRING BEANS, 1 KG",Beans and Legumes,54.33
338,2020,"STRING BEANS, 1 KG",Beans and Legumes,56.53
339,2021,"STRING BEANS, 1 KG",Beans and Legumes,60.05
340,2012,"GARLIC, NATIVE, 1 KG",Condiments,129.93
341,2013,"GARLIC, NATIVE, 1 KG",Condiments,131
342,2014,"GARLIC, NATIVE, 1 KG",Condiments,181.6
343,2015,"GARLIC, NATIVE, 1 KG",Condiments,160.37
344,2016,"GARLIC, NATIVE, 1 KG",Condiments,168.77
345,2017,"GARLIC, NATIVE, 1 KG",Condiments,183.26
346,2018,"GARLIC, NATIVE, 1 KG",Condiments,159.76
347,2019,"GARLIC, NATIVE, 1 KG",Condiments,156.54
348,2020,"GARLIC, NATIVE, 1 KG",Condiments,174.37
349,2021,"GARLIC, NATIVE, 1 KG",Condiments,164.05
350,2012,"ONION RED CREOLE (BERMUDA RED), 1 KG",Condiments,83.34
351,2013,"ONION RED CREOLE (BERMUDA RED), 1 KG",Condiments,78.28
352,2014,"ONION RED CREOLE (BERMUDA RED), 1 KG",Condiments,76.72
353,2015,"ONION RED CREOLE (BERMUDA RED), 1 KG",Condiments,73.51
354,2016,"ONION RED CREOLE (BERMUDA RED), 1 KG",Condiments,99.24
355,2017,"ONION RED CREOLE (BERMUDA RED), 1 KG",Condiments,87.75
356,2018,"ONION RED CREOLE (BERMUDA RED), 1 KG",Condiments,102.91
357,2019,"ONION RED CREOLE (BERMUDA RED), 1 KG",Condiments,90.46
358,2020,"ONION RED CREOLE (BERMUDA RED), 1 KG",Condiments,139.73
359,2021,"ONION RED CREOLE (BERMUDA RED), 1 KG",Condiments,131.85
360,2012,"ONION WHITE (YELLOW GRANEX), 1 KG",Condiments,80.73
361,2013,"ONION WHITE (YELLOW GRANEX), 1 KG",Condiments,77.35
362,2014,"ONION WHITE (YELLOW GRANEX), 1 KG",Condiments,75.65
363,2015,"ONION WHITE (YELLOW GRANEX), 1 KG",Condiments,70.95
364,2016,"ONION WHITE (YELLOW GRANEX), 1 KG",Condiments,89.13
365,2017,"ONION WHITE (YELLOW GRANEX), 1 KG",Condiments,84.57
366,2018,"ONION WHITE (YELLOW GRANEX), 1 KG",Condiments,91.38
367,2019,"ONION WHITE (YELLOW GRANEX), 1 KG",Condiments,88.89
368,2020,"ONION WHITE (YELLOW GRANEX), 1 KG",Condiments,105.19
369,2021,"ONION WHITE (YELLOW GRANEX), 1 KG",Condiments,100.67
370,2012,"GINGER, 1 KG",Condiments,67.77
371,2013,"GINGER, 1 KG",Condiments,72.41
372,2014,"GINGER, 1 KG",Condiments,111.2
373,2015,"GINGER, 1 KG",Condiments,126.33
374,2016,"GINGER, 1 KG",Condiments,94.17
375,2017,"GINGER, 1 KG",Condiments,76.37
376,2018,"GINGER, 1 KG",Condiments,71.89
377,2019,"GINGER, 1 KG",Condiments,99.47
378,2020,"GINGER, 1 KG",Condiments,141.78
379,2021,"GINGER, 1 KG",Condiments,121.86
380,2012,"GARLIC, IMPORTED, 1 KG",Condiments,83.27
381,2013,"GARLIC, IMPORTED, 1 KG",Condiments,87.28
382,2014,"GARLIC, IMPORTED, 1 KG",Condiments,121.82
383,2015,"GARLIC, IMPORTED, 1 KG",Condiments,108.3
384,2016,"GARLIC, IMPORTED, 1 KG",Condiments,137.08
385,2017,"GARLIC, IMPORTED, 1 KG",Condiments,149.39
386,2018,"GARLIC, IMPORTED, 1 KG",Condiments,112.81
387,2019,"GARLIC, IMPORTED, 1 KG",Condiments,120.98
388,2020,"GARLIC, IMPORTED, 1 KG",Condiments,140.13
389,2021,"GARLIC, IMPORTED, 1 KG",Condiments,124.07
390,2012,"BITTER GOURD (AMPALAYA), 1 KG",Fruit Vegetables,51.87
391,2013,"BITTER GOURD (AMPALAYA), 1 KG",Fruit Vegetables,53.24
392,2014,"BITTER GOURD (AMPALAYA), 1 KG",Fruit Vegetables,54.61
393,2015,"BITTER GOURD (AMPALAYA), 1 KG",Fruit Vegetables,58.79
394,2016,"BITTER GOURD (AMPALAYA), 1 KG",Fruit Vegetables,62.86
395,2017,"BITTER GOURD (AMPALAYA), 1 KG",Fruit Vegetables,67.02
396,2018,"BITTER GOURD (AMPALAYA), 1 KG",Fruit Vegetables,76.12
397,2019,"BITTER GOURD (AMPALAYA), 1 KG",Fruit Vegetables,76.77
398,2020,"BITTER GOURD (AMPALAYA), 1 KG",Fruit Vegetables,80.21
399,2021,"BITTER GOURD (AMPALAYA), 1 KG",Fruit Vegetables,85.1
400,2012,"CHAYOTE, 1 KG",Fruit Vegetables,23.06
401,2013,"CHAYOTE, 1 KG",Fruit Vegetables,23.23
402,2014,"CHAYOTE, 1 KG",Fruit Vegetables,24.27
403,2015,"CHAYOTE, 1 KG",Fruit Vegetables,26.14
404,2016,"CHAYOTE, 1 KG",Fruit Vegetables,29.34
405,2017,"CHAYOTE, 1 KG",Fruit Vegetables,28.72
406,2018,"CHAYOTE, 1 KG",Fruit Vegetables,34.83
407,2019,"CHAYOTE, 1 KG",Fruit Vegetables,35.78
408,2020,"CHAYOTE, 1 KG",Fruit Vegetables,35.37
409,2021,"CHAYOTE, 1 KG",Fruit Vegetables,36.21
410,2012,"COMMON GOURD (UPO), 1 KG",Fruit Vegetables,23.89
411,2013,"COMMON GOURD (UPO), 1 KG",Fruit Vegetables,23.97
412,2014,"COMMON GOURD (UPO), 1 KG",Fruit Vegetables,25.2
413,2015,"COMMON GOURD (UPO), 1 KG",Fruit Vegetables,26.04
414,2016,"COMMON GOURD (UPO), 1 KG",Fruit Vegetables,26.91
415,2017,"COMMON GOURD (UPO), 1 KG",Fruit Vegetables,28.28
416,2018,"COMMON GOURD (UPO), 1 KG",Fruit Vegetables,31.07
417,2019,"COMMON GOURD (UPO), 1 KG",Fruit Vegetables,31.43
418,2020,"COMMON GOURD (UPO), 1 KG",Fruit Vegetables,33.68
419,2021,"COMMON GOURD (UPO), 1 KG",Fruit Vegetables,36.44
420,2012,"CUCUMBER (PIPINO), 1 KG",Fruit Vegetables,35.56
421,2013,"CUCUMBER (PIPINO), 1 KG",Fruit Vegetables,36.35
422,2014,"CUCUMBER (PIPINO), 1 KG",Fruit Vegetables,38.9
423,2015,"CUCUMBER (PIPINO), 1 KG",Fruit Vegetables,41.02
424,2016,"CUCUMBER (PIPINO), 1 KG",Fruit Vegetables,42.61
425,2017,"CUCUMBER (PIPINO), 1 KG",Fruit Vegetables,43.35
426,2018,"CUCUMBER (PIPINO), 1 KG",Fruit Vegetables,48.51
427,2019,"CUCUMBER (PIPINO), 1 KG",Fruit Vegetables,53.06
428,2020,"CUCUMBER (PIPINO), 1 KG",Fruit Vegetables,51.96
429,2021,"CUCUMBER (PIPINO), 1 KG",Fruit Vegetables,53.88
430,2012,"EGGPLANT LONG, PURPLE, 1 KG",Fruit Vegetables,38.98
431,2013,"EGGPLANT LONG, PURPLE, 1 KG",Fruit Vegetables,39.18
432,2014,"EGGPLANT LONG, PURPLE, 1 KG",Fruit Vegetables,42.73
433,2015,"EGGPLANT LONG, PURPLE, 1 KG",Fruit Vegetables,43.77
434,2016,"EGGPLANT LONG, PURPLE, 1 KG",Fruit Vegetables,46.1
435,2017,"EGGPLANT LONG, PURPLE, 1 KG",Fruit Vegetables,50.35
436,2018,"EGGPLANT LONG, PURPLE, 1 KG",Fruit Vegetables,57.37
437,2019,"EGGPLANT LONG, PURPLE, 1 KG",Fruit Vegetables,59.13
438,2020,"EGGPLANT LONG, PURPLE, 1 KG",Fruit Vegetables,59.78
439,2021,"EGGPLANT LONG, PURPLE, 1 KG",Fruit Vegetables,69.36
440,2012,"PATOLA, 1 KG",Fruit Vegetables,30.16
441,2013,"PATOLA, 1 KG",Fruit Vegetables,30.72
442,2014,"PATOLA, 1 KG",Fruit Vegetables,33
443,2015,"PATOLA, 1 KG",Fruit Vegetables,35.2
444,2016,"PATOLA, 1 KG",Fruit Vegetables,36.09
445,2017,"PATOLA, 1 KG",Fruit Vegetables,38.01
446,2018,"PATOLA, 1 KG",Fruit Vegetables,43.94
447,2019,"PATOLA, 1 KG",Fruit Vegetables,46.13
448,2020,"PATOLA, 1 KG",Fruit Vegetables,47.68
449,2021,"PATOLA, 1 KG",Fruit Vegetables,52.9
450,2012,"SQUASH, 1 KG",Fruit Vegetables,24.83
451,2013,"SQUASH, 1 KG",Fruit Vegetables,25.19
452,2014,"SQUASH, 1 KG",Fruit Vegetables,26.55
453,2015,"SQUASH, 1 KG",Fruit Vegetables,26.97
454,2016,"SQUASH, 1 KG",Fruit Vegetables,27.6
455,2017,"SQUASH, 1 KG",Fruit Vegetables,28.79
456,2018,"SQUASH, 1 KG",Fruit Vegetables,33.65
457,2019,"SQUASH, 1 KG",Fruit Vegetables,34.07
458,2020,"SQUASH, 1 KG",Fruit Vegetables,31.75
459,2021,"SQUASH, 1 KG",Fruit Vegetables,40.22
460,2012,"TOMATO, 1 KG",Fruit Vegetables,41.17
461,2013,"TOMATO, 1 KG",Fruit Vegetables,44.12
462,2014,"TOMATO, 1 KG",Fruit Vegetables,41.95
463,2015,"TOMATO, 1 KG",Fruit Vegetables,44.43
464,2016,"TOMATO, 1 KG",Fruit Vegetables,49.31
465,2017,"TOMATO, 1 KG",Fruit Vegetables,47.17
466,2018,"TOMATO, 1 KG",Fruit Vegetables,53.11
467,2019,"TOMATO, 1 KG",Fruit Vegetables,54.87
468,2020,"TOMATO, 1 KG",Fruit Vegetables,62.16
469,2021,"TOMATO, 1 KG",Fruit Vegetables,62.51
470,2012,"OKRA, 1 KG",Fruit Vegetables,27.3
471,2013,"OKRA, 1 KG",Fruit Vegetables,28.82
472,2014,"OKRA, 1 KG",Fruit Vegetables,31.37
473,2015,"OKRA, 1 KG",Fruit Vegetables,34.12
474,2016,"OKRA, 1 KG",Fruit Vegetables,34.86
475,2017,"OKRA, 1 KG",Fruit Vegetables,39.83
476,2018,"OKRA, 1 KG",Fruit Vegetables,48.25
477,2019,"OKRA, 1 KG",Fruit Vegetables,50.18
478,2020,"OKRA, 1 KG",Fruit Vegetables,54.16
479,2021,"OKRA, 1 KG",Fruit Vegetables,60.13
480,2012,"CABBAGE, 1 KG",Leafy Vegetables,48.9
481,2013,"CABBAGE, 1 KG",Leafy Vegetables,51.39
482,2014,"CABBAGE, 1 KG",Leafy Vegetables,53.4
483,2015,"CABBAGE, 1 KG",Leafy Vegetables,59.47
484,2016,"CABBAGE, 1 KG",Leafy Vegetables,62.28
485,2017,"CABBAGE, 1 KG",Leafy Vegetables,65.4
486,2018,"CABBAGE, 1 KG",Leafy Vegetables,76.76
487,2019,"CABBAGE, 1 KG",Leafy Vegetables,71.61
488,2020,"CABBAGE, 1 KG",Leafy Vegetables,71.6
489,2021,"CABBAGE, 1 KG",Leafy Vegetables,87.76
490,2012,"CAMOTE TOPS, 1 KG",Leafy Vegetables,23.04
491,2013,"CAMOTE TOPS, 1 KG",Leafy Vegetables,25.21
492,2014,"CAMOTE TOPS, 1 KG",Leafy Vegetables,25.05
493,2015,"CAMOTE TOPS, 1 KG",Leafy Vegetables,24.51
494,2016,"CAMOTE TOPS, 1 KG",Leafy Vegetables,25.13
495,2017,"CAMOTE TOPS, 1 KG",Leafy Vegetables,23.74
496,2018,"CAMOTE TOPS, 1 KG",Leafy Vegetables,23.37
497,2019,"CAMOTE TOPS, 1 KG",Leafy Vegetables,23.25
498,2020,"CAMOTE TOPS, 1 KG",Leafy Vegetables,26.61
499,2021,"CAMOTE TOPS, 1 KG",Leafy Vegetables,34.11
500,2012,"KANGKONG, 1 KG",Leafy Vegetables,21.4
501,2013,"KANGKONG, 1 KG",Leafy Vegetables,23.4
502,2014,"KANGKONG, 1 KG",Leafy Vegetables,25.41
503,2015,"KANGKONG, 1 KG",Leafy Vegetables,24.51
504,2016,"KANGKONG, 1 KG",Leafy Vegetables,24.91
505,2017,"KANGKONG, 1 KG",Leafy Vegetables,26.19
506,2018,"KANGKONG, 1 KG",Leafy Vegetables,28.48
507,2019,"KANGKONG, 1 KG",Leafy Vegetables,30.49
508,2020,"KANGKONG, 1 KG",Leafy Vegetables,34.92
509,2021,"KANGKONG, 1 KG",Leafy Vegetables,44.36
510,2012,"PECHAY, 1 KG",Leafy Vegetables,53.85
511,2013,"PECHAY, 1 KG",Leafy Vegetables,58.47
512,2014,"PECHAY, 1 KG",Leafy Vegetables,71.93
513,2015,"PECHAY, 1 KG",Leafy Vegetables,71.16
514,2016,"PECHAY, 1 KG",Leafy Vegetables,69.81
515,2017,"PECHAY, 1 KG",Leafy Vegetables,64.28
516,2018,"PECHAY, 1 KG",Leafy Vegetables,67.64
517,2019,"PECHAY, 1 KG",Leafy Vegetables,65.04
518,2020,"PECHAY, 1 KG",Leafy Vegetables,63.49
519,2021,"PECHAY, 1 KG",Leafy Vegetables,66.92
520,2012,"PECHAY, NATIVE, 1 KG",Leafy Vegetables,47.41
521,2013,"PECHAY, NATIVE, 1 KG",Leafy Vegetables,49.94
522,2014,"PECHAY, NATIVE, 1 KG",Leafy Vegetables,46.34
523,2015,"PECHAY, NATIVE, 1 KG",Leafy Vegetables,48.37
524,2016,"PECHAY, NATIVE, 1 KG",Leafy Vegetables,54.97
525,2017,"PECHAY, NATIVE, 1 KG",Leafy Vegetables,56.88
526,2018,"PECHAY, NATIVE, 1 KG",Leafy Vegetables,60.96
527,2019,"PECHAY, NATIVE, 1 KG",Leafy Vegetables,64.36
528,2020,"PECHAY, NATIVE, 1 KG",Leafy Vegetables,67.38
529,2021,"PECHAY, NATIVE, 1 KG",Leafy Vegetables,70.67
530,2012,"CAULIFLOWER, 1 KG",Leafy Vegetables,96.81
531,2013,"CAULIFLOWER, 1 KG",Leafy Vegetables,94.1
532,2014,"CAULIFLOWER, 1 KG",Leafy Vegetables,99.15
533,2015,"CAULIFLOWER, 1 KG",Leafy Vegetables,93.97
534,2016,"CAULIFLOWER, 1 KG",Leafy Vegetables,94.86
535,2017,"CAULIFLOWER, 1 KG",Leafy Vegetables,106.97
536,2018,"CAULIFLOWER, 1 KG",Leafy Vegetables,114.33
537,2019,"CAULIFLOWER, 1 KG",Leafy Vegetables,116.41
538,2020,"CAULIFLOWER, 1 KG",Leafy Vegetables,104.8
539,2021,"CAULIFLOWER, 1 KG",Leafy Vegetables,132.98
540,2012,"FRESH FRUIT, BANANA, LAKATAN, MEDIUM, 1 KG",Fruits,38.66
541,2013,"FRESH FRUIT, BANANA, LAKATAN, MEDIUM, 1 KG",Fruits,42.2
542,2014,"FRESH FRUIT, BANANA, LAKATAN, MEDIUM, 1 KG",Fruits,48.37
543,2015,"FRESH FRUIT, BANANA, LAKATAN, MEDIUM, 1 KG",Fruits,51.8
544,2016,"FRESH FRUIT, BANANA, LAKATAN, MEDIUM, 1 KG",Fruits,53.72
545,2017,"FRESH FRUIT, BANANA, LAKATAN, MEDIUM, 1 KG",Fruits,53.21
546,2018,"FRESH FRUIT, BANANA, LAKATAN, MEDIUM, 1 KG",Fruits,52.75
547,2019,"FRESH FRUIT, BANANA, LAKATAN, MEDIUM, 1 KG",Fruits,57.42
548,2020,"FRESH FRUIT, BANANA, LAKATAN, MEDIUM, 1 KG",Fruits,70.44
549,2021,"FRESH FRUIT, BANANA, LAKATAN, MEDIUM, 1 KG",Fruits,67.1
550,2012,"FRESH FRUIT, BANANA, LATUNDAN, MEDIUM, 1 KG",Fruits,27.87
551,2013,"FRESH FRUIT, BANANA, LATUNDAN, MEDIUM, 1 KG",Fruits,29.14
552,2014,"FRESH FRUIT, BANANA, LATUNDAN, MEDIUM, 1 KG",Fruits,33.21
553,2015,"FRESH FRUIT, BANANA, LATUNDAN, MEDIUM, 1 KG",Fruits,35.33
554,2016,"FRESH FRUIT, BANANA, LATUNDAN, MEDIUM, 1 KG",Fruits,36.67
555,2017,"FRESH FRUIT, BANANA, LATUNDAN, MEDIUM, 1 KG",Fruits,36.99
556,2018,"FRESH FRUIT, BANANA, LATUNDAN, MEDIUM, 1 KG",Fruits,36.46
557,2019,"FRESH FRUIT, BANANA, LATUNDAN, MEDIUM, 1 KG",Fruits,37.82
558,2020,"FRESH FRUIT, BANANA, LATUNDAN, MEDIUM, 1 KG",Fruits,44.59
559,2021,"FRESH FRUIT, BANANA, LATUNDAN, MEDIUM, 1 KG",Fruits,44.16
560,2012,"FRESH FRUIT, BANANA, SABA, MEDIUM, 1 KG",Fruits,22.71
561,2013,"FRESH FRUIT, BANANA, SABA, MEDIUM, 1 KG",Fruits,24.07
562,2014,"FRESH FRUIT, BANANA, SABA, MEDIUM, 1 KG",Fruits,27.7
563,2015,"FRESH FRUIT, BANANA, SABA, MEDIUM, 1 KG",Fruits,29.02
564,2016,"FRESH FRUIT, BANANA, SABA, MEDIUM, 1 KG",Fruits,28.99
565,2017,"FRESH FRUIT, BANANA, SABA, MEDIUM, 1 KG",Fruits,37.7
566,2018,"FRESH FRUIT, BANANA, SABA, MEDIUM, 1 KG",Fruits,44.38
567,2019,"FRESH FRUIT, BANANA, SABA, MEDIUM, 1 KG",Fruits,49.3
568,2020,"FRESH FRUIT, BANANA, SABA, MEDIUM, 1 KG",Fruits,34.76
569,2021,"FRESH FRUIT, BANANA, SABA, MEDIUM, 1 KG",Fruits,35.51
570,2012,"FRESH FRUIT, MANDARIN, DALANGHITA, MEDIUM, 1 KG",Fruits,35.72
571,2013,"FRESH FRUIT, MANDARIN, DALANGHITA, MEDIUM, 1 KG",Fruits,36.6
572,2014,"FRESH FRUIT, MANDARIN, DALANGHITA, MEDIUM, 1 KG",Fruits,36.91
573,2015,"FRESH FRUIT, MANDARIN, DALANGHITA, MEDIUM, 1 KG",Fruits,38.07
574,2016,"FRESH FRUIT, MANDARIN, DALANGHITA, MEDIUM, 1 KG",Fruits,38.23
575,2017,"FRESH FRUIT, MANDARIN, DALANGHITA, MEDIUM, 1 KG",Fruits,36.22
576,2018,"FRESH FRUIT, MANDARIN, DALANGHITA, MEDIUM, 1 KG",Fruits,41.65
577,2019,"FRESH FRUIT, MANDARIN, DALANGHITA, MEDIUM, 1 KG",Fruits,43.22
578,2020,"FRESH FRUIT, MANDARIN, DALANGHITA, MEDIUM, 1 KG",Fruits,54.24
579,2021,"FRESH FRUIT, MANDARIN, DALANGHITA, MEDIUM, 1 KG",Fruits,55.97
580,2012,"FRESH FRUIT, MANGO, CEBU, RIPE, MEDIUM, 1 KG",Fruits,68.87
581,2013,"FRESH FRUIT, MANGO, CEBU, RIPE, MEDIUM, 1 KG",Fruits,69.82
582,2014,"FRESH FRUIT, MANGO, CEBU, RIPE, MEDIUM, 1 KG",Fruits,67.64
583,2015,"FRESH FRUIT, MANGO, CEBU, RIPE, MEDIUM, 1 KG",Fruits,67.8
584,2016,"FRESH FRUIT, MANGO, CEBU, RIPE, MEDIUM, 1 KG",Fruits,81.44
585,2017,"FRESH FRUIT, MANGO, CEBU, RIPE, MEDIUM, 1 KG",Fruits,101.12
586,2018,"FRESH FRUIT, MANGO, CEBU, RIPE, MEDIUM, 1 KG",Fruits,100.65
587,2019,"FRESH FRUIT, MANGO, CEBU, RIPE, MEDIUM, 1 KG",Fruits,97.73
588,2020,"FRESH FRUIT, MANGO, CEBU, RIPE, MEDIUM, 1 KG",Fruits,103.25
589,2021,"FRESH FRUIT, MANGO, CEBU, RIPE, MEDIUM, 1 KG",Fruits,110.36
590,2012,"FRESH FRUIT, MANGO, KALABAW, RIPE, MEDIUM, 1 KG",Fruits,70.71
591,2013,"FRESH FRUIT, MANGO, KALABAW, RIPE, MEDIUM, 1 KG",Fruits,71.37
592,2014,"FRESH FRUIT, MANGO, KALABAW, RIPE, MEDIUM, 1 KG",Fruits,76.16
593,2015,"FRESH FRUIT, MANGO, KALABAW, RIPE, MEDIUM, 1 KG",Fruits,79.27
594,2016,"FRESH FRUIT, MANGO, KALABAW, RIPE, MEDIUM, 1 KG",Fruits,94.06
595,2017,"FRESH FRUIT, MANGO, KALABAW, RIPE, MEDIUM, 1 KG",Fruits,108.77
596,2018,"FRESH FRUIT, MANGO, KALABAW, RIPE, MEDIUM, 1 KG",Fruits,112.13
597,2019,"FRESH FRUIT, MANGO, KALABAW, RIPE, MEDIUM, 1 KG",Fruits,113.39
598,2020,"FRESH FRUIT, MANGO, KALABAW, RIPE, MEDIUM, 1 KG",Fruits,122.5
599,2021,"FRESH FRUIT, MANGO, KALABAW, RIPE, MEDIUM, 1 KG",Fruits,133.96
600,2012,"FRESH FRUIT, MANGO, PIKO, RIPE, MEDIUM, 1 KG",Fruits,57.69
601,2013,"FRESH FRUIT, MANGO, PIKO, RIPE, MEDIUM, 1 KG",Fruits,59.77
602,2014,"FRESH FRUIT, MANGO, PIKO, RIPE, MEDIUM, 1 KG",Fruits,55.55
603,2015,"FRESH FRUIT, MANGO, PIKO, RIPE, MEDIUM, 1 KG",Fruits,59.02
604,2016,"FRESH FRUIT, MANGO, PIKO, RIPE, MEDIUM, 1 KG",Fruits,81.23
605,2017,"FRESH FRUIT, MANGO, PIKO, RIPE, MEDIUM, 1 KG",Fruits,100.38
606,2018,"FRESH FRUIT, MANGO, PIKO, RIPE, MEDIUM, 1 KG",Fruits,95.25
607,2019,"FRESH FRUIT, MANGO, PIKO, RIPE, MEDIUM, 1 KG",Fruits,96.36
608,2020,"FRESH FRUIT, MANGO, PIKO, RIPE, MEDIUM, 1 KG",Fruits,106.36
609,2021,"FRESH FRUIT, MANGO, PIKO, RIPE, MEDIUM, 1 KG",Fruits,113.55
610,2012,"FRESH FRUIT, PAPAYA, SOLO, NATIVE, MEDIUM, 1 KG",Fruits,57.56
611,2013,"FRESH FRUIT, PAPAYA, SOLO, NATIVE, MEDIUM, 1 KG",Fruits,57.48
612,2014,"FRESH FRUIT, PAPAYA, SOLO, NATIVE, MEDIUM, 1 KG",Fruits,57.61
613,2015,"FRESH FRUIT, PAPAYA, SOLO, NATIVE, MEDIUM, 1 KG",Fruits,52.67
614,2016,"FRESH FRUIT, PAPAYA, SOLO, NATIVE, MEDIUM, 1 KG",Fruits,49.83
615,2017,"FRESH FRUIT, PAPAYA, SOLO, NATIVE, MEDIUM, 1 KG",Fruits,48.3
616,2018,"FRESH FRUIT, PAPAYA, SOLO, NATIVE, MEDIUM, 1 KG",Fruits,47.07
617,2019,"FRESH FRUIT, PAPAYA, SOLO, NATIVE, MEDIUM, 1 KG",Fruits,48.28
618,2020,"FRESH FRUIT, PAPAYA, SOLO, NATIVE, MEDIUM, 1 KG",Fruits,48.72
619,2021,"FRESH FRUIT, PAPAYA, SOLO, NATIVE, MEDIUM, 1 KG",Fruits,50.27
620,2012,"FRESH FRUIT, PINEAPPLE, PINYA, HAWAIIAN, MEDIUM, 1 KG",Fruits,33.51
621,2013,"FRESH FRUIT, PINEAPPLE, PINYA, HAWAIIAN, MEDIUM, 1 KG",Fruits,34.97
622,2014,"FRESH FRUIT, PINEAPPLE, PINYA, HAWAIIAN, MEDIUM, 1 KG",Fruits,37.68
623,2015,"FRESH FRUIT, PINEAPPLE, PINYA, HAWAIIAN, MEDIUM, 1 KG",Fruits,40.92
624,2016,"FRESH FRUIT, PINEAPPLE, PINYA, HAWAIIAN, MEDIUM, 1 KG",Fruits,42.7
625,2017,"FRESH FRUIT, PINEAPPLE, PINYA, HAWAIIAN, MEDIUM, 1 KG",Fruits,45.06
626,2018,"FRESH FRUIT, PINEAPPLE, PINYA, HAWAIIAN, MEDIUM, 1 KG",Fruits,45.99
627,2019,"FRESH FRUIT, PINEAPPLE, PINYA, HAWAIIAN, MEDIUM, 1 KG",Fruits,46.49
628,2020,"FRESH FRUIT, PINEAPPLE, PINYA, HAWAIIAN, MEDIUM, 1 KG",Fruits,52.55
629,2021,"FRESH FRUIT, PINEAPPLE, PINYA, HAWAIIAN, MEDIUM, 1 KG",Fruits,55.3
630,2012,"FRESH FRUIT, PINEAPPLE, PINYA, MEDIUM, 1 KG",Fruits,37.53
631,2013,"FRESH FRUIT, PINEAPPLE, PINYA, MEDIUM, 1 KG",Fruits,38.89
632,2014,"FRESH FRUIT, PINEAPPLE, PINYA, MEDIUM, 1 KG",Fruits,40.12
633,2015,"FRESH FRUIT, PINEAPPLE, PINYA, MEDIUM, 1 KG",Fruits,40.96
634,2016,"FRESH FRUIT, PINEAPPLE, PINYA, MEDIUM, 1 KG",Fruits,43.59
635,2017,"FRESH FRUIT, PINEAPPLE, PINYA, MEDIUM, 1 KG",Fruits,45.78
636,2018,"FRESH FRUIT, PINEAPPLE, PINYA, MEDIUM, 1 KG",Fruits,49.23
637,2019,"FRESH FRUIT, PINEAPPLE, PINYA, MEDIUM, 1 KG",Fruits,51.64
638,2020,"FRESH FRUIT, PINEAPPLE, PINYA, MEDIUM, 1 KG",Fruits,54.84
639,2021,"FRESH FRUIT, PINEAPPLE, PINYA, MEDIUM, 1 KG",Fruits,56.55
640,2012,"FRESH FRUIT, WATERMELON, PAKWAN, MEDIUM, 1 KG",Fruits,35.83
641,2013,"FRESH FRUIT, WATERMELON, PAKWAN, MEDIUM, 1 KG",Fruits,36.92
642,2014,"FRESH FRUIT, WATERMELON, PAKWAN, MEDIUM, 1 KG",Fruits,38.29
643,2015,"FRESH FRUIT, WATERMELON, PAKWAN, MEDIUM, 1 KG",Fruits,38.66
644,2016,"FRESH FRUIT, WATERMELON, PAKWAN, MEDIUM, 1 KG",Fruits,40.03
645,2017,"FRESH FRUIT, WATERMELON, PAKWAN, MEDIUM, 1 KG",Fruits,42.39
646,2018,"FRESH FRUIT, WATERMELON, PAKWAN, MEDIUM, 1 KG",Fruits,44.29
647,2019,"FRESH FRUIT, WATERMELON, PAKWAN, MEDIUM, 1 KG",Fruits,47.88
648,2020,"FRESH FRUIT, WATERMELON, PAKWAN, MEDIUM, 1 KG",Fruits,45.99
649,2021,"FRESH FRUIT, WATERMELON, PAKWAN, MEDIUM, 1 KG",Fruits,42.84
650,2012,"CALAMANSI, 1 KG",Fruits,44.67
651,2013,"CALAMANSI, 1 KG",Fruits,45.08
652,2014,"CALAMANSI, 1 KG",Fruits,46.57
653,2015,"CALAMANSI, 1 KG",Fruits,44.82
654,2016,"CALAMANSI, 1 KG",Fruits,45.64
655,2017,"CALAMANSI, 1 KG",Fruits,47.32
656,2018,"CALAMANSI, 1 KG",Fruits,53.96
657,2019,"CALAMANSI, 1 KG",Fruits,54.3
658,2020,"CALAMANSI, 1 KG",Fruits,56.99
659,2021,"CALAMANSI, 1 KG",Fruits,64.8
660,2012,"FRESH FRUIT, AVOCADO, 1 KG",Fruits,34.71
661,2013,"FRESH FRUIT, AVOCADO, 1 KG",Fruits,38.11
662,2014,"FRESH FRUIT, AVOCADO, 1 KG",Fruits,42.41
663,2015,"FRESH FRUIT, AVOCADO, 1 KG",Fruits,46.38
664,2016,"FRESH FRUIT, AVOCADO, 1 KG",Fruits,51.99
665,2017,"FRESH FRUIT, AVOCADO, 1 KG",Fruits,58.95
666,2018,"FRESH FRUIT, AVOCADO, 1 KG",Fruits,62.18
667,2019,"FRESH FRUIT, AVOCADO, 1 KG",Fruits,69.58
668,2020,"FRESH FRUIT, AVOCADO, 1 KG",Fruits,80.98
669,2021,"FRESH FRUIT, AVOCADO, 1 KG",Fruits,86.07
670,2012,"FRESH FRUIT, GUYABANO, 1 PC",Fruits,11.56
671,2013,"FRESH FRUIT, GUYABANO, 1 PC",Fruits,15
672,2014,"FRESH FRUIT, GUYABANO, 1 PC",Fruits,18.67
673,2015,"FRESH FRUIT, GUYABANO, 1 PC",Fruits,19.77
674,2016,"FRESH FRUIT, GUYABANO, 1 PC",Fruits,20.29
675,2017,"FRESH FRUIT, GUYABANO, 1 PC",Fruits,22.29
676,2018,"FRESH FRUIT, GUYABANO, 1 PC",Fruits,24.54
677,2019,"FRESH FRUIT, GUYABANO, 1 PC",Fruits,24.56
678,2020,"FRESH FRUIT, GUYABANO, 1 PC",Fruits,24.79
679,2021,"FRESH FRUIT, GUYABANO, 1 PC",Fruits,22.81
680,2012,"FRESH FRUIT, JACKFRUIT, LANGKA, 1 KG",Fruits,49.44
681,2013,"FRESH FRUIT, JACKFRUIT, LANGKA, 1 KG",Fruits,45.79
682,2014,"FRESH FRUIT, JACKFRUIT, LANGKA, 1 KG",Fruits,51.29
683,2015,"FRESH FRUIT, JACKFRUIT, LANGKA, 1 KG",Fruits,53.95
684,2016,"FRESH FRUIT, JACKFRUIT, LANGKA, 1 KG",Fruits,61.56
685,2017,"FRESH FRUIT, JACKFRUIT, LANGKA, 1 KG",Fruits,90.39
686,2018,"FRESH FRUIT, JACKFRUIT, LANGKA, 1 KG",Fruits,86.49
687,2019,"FRESH FRUIT, JACKFRUIT, LANGKA, 1 KG",Fruits,68.7
688,2020,"FRESH FRUIT, JACKFRUIT, LANGKA, 1 KG",Fruits,79.62
689,2021,"FRESH FRUIT, JACKFRUIT, LANGKA, 1 KG",Fruits,67.65
690,2012,"FRESH FRUIT, LANZONES, 1 KG",Fruits,80.83
691,2013,"FRESH FRUIT, LANZONES, 1 KG",Fruits,75.84
692,2014,"FRESH FRUIT, LANZONES, 1 KG",Fruits,77.15
693,2015,"FRESH FRUIT, LANZONES, 1 KG",Fruits,81.33
694,2016,"FRESH FRUIT, LANZONES, 1 KG",Fruits,75.62
695,2017,"FRESH FRUIT, LANZONES, 1 KG",Fruits,80.84
696,2018,"FRESH FRUIT, LANZONES, 1 KG",Fruits,102.38
697,2019,"FRESH FRUIT, LANZONES, 1 KG",Fruits,95.67
698,2020,"FRESH FRUIT, LANZONES, 1 KG",Fruits,91.53
699,2021,"FRESH FRUIT, LANZONES, 1 KG",Fruits,95.21
700,2012,"FRESH FRUIT, PAPAYA, NATIVE, MEDIUM, 1 KG",Fruits,25.67
701,2013,"FRESH FRUIT, PAPAYA, NATIVE, MEDIUM, 1 KG",Fruits,26.59
702,2014,"FRESH FRUIT, PAPAYA, NATIVE, MEDIUM, 1 KG",Fruits,29.09
703,2015,"FRESH FRUIT, PAPAYA, NATIVE, MEDIUM, 1 KG",Fruits,29.87
704,2016,"FRESH FRUIT, PAPAYA, NATIVE, MEDIUM, 1 KG",Fruits,31.13
705,2017,"FRESH FRUIT, PAPAYA, NATIVE, MEDIUM, 1 KG",Fruits,31.39
706,2018,"FRESH FRUIT, PAPAYA, NATIVE, MEDIUM, 1 KG",Fruits,32.53
707,2019,"FRESH FRUIT, PAPAYA, NATIVE, MEDIUM, 1 KG",Fruits,35.29
708,2020,"FRESH FRUIT, PAPAYA, NATIVE, MEDIUM, 1 KG",Fruits,38.49
709,2021,"FRESH FRUIT, PAPAYA, NATIVE, MEDIUM, 1 KG",Fruits,39.84
710,2012,"FRESH FRUIT, WATERMELON, PAKWAN (SANDIA), 1 KG",Fruits,26.74
711,2013,"FRESH FRUIT, WATERMELON, PAKWAN (SANDIA), 1 KG",Fruits,25.78
712,2014,"FRESH FRUIT, WATERMELON, PAKWAN (SANDIA), 1 KG",Fruits,31.96
713,2015,"FRESH FRUIT, WATERMELON, PAKWAN (SANDIA), 1 KG",Fruits,36.25
714,2016,"FRESH FRUIT, WATERMELON, PAKWAN (SANDIA), 1 KG",Fruits,35
715,2017,"FRESH FRUIT, WATERMELON, PAKWAN (SANDIA), 1 KG",Fruits,35.65
716,2018,"FRESH FRUIT, WATERMELON, PAKWAN (SANDIA), 1 KG",Fruits,35.35
717,2019,"FRESH FRUIT, WATERMELON, PAKWAN (SANDIA), 1 KG",Fruits,35.77
718,2020,"FRESH FRUIT, WATERMELON, PAKWAN (SANDIA), 1 KG",Fruits,35.28
719,2021,"FRESH FRUIT, WATERMELON, PAKWAN (SANDIA), 1 KG",Fruits,39.82
720,2012,"MATURED COCONUT, MEDIUM, 1 PC",Commercial crops,17.03
721,2013,"MATURED COCONUT, MEDIUM, 1 PC",Commercial crops,16.77
722,2014,"MATURED COCONUT, MEDIUM, 1 PC",Commercial crops,17.7
723,2015,"MATURED COCONUT, MEDIUM, 1 PC",Commercial crops,18.93
724,2016,"MATURED COCONUT, MEDIUM, 1 PC",Commercial crops,20.12
725,2017,"MATURED COCONUT, MEDIUM, 1 PC",Commercial crops,21.79
726,2018,"MATURED COCONUT, MEDIUM, 1 PC",Commercial crops,22.47
727,2019,"MATURED COCONUT, MEDIUM, 1 PC",Commercial crops,22.03
728,2020,"MATURED COCONUT, MEDIUM, 1 PC",Commercial crops,22.7
729,2021,"MATURED COCONUT, MEDIUM, 1 PC",Commercial crops,23.88
730,2012,"YOUNG COCONUT, MEDIUM, 1 PC",Commercial crops,16.87
731,2013,"YOUNG COCONUT, MEDIUM, 1 PC",Commercial crops,16.97
732,2014,"YOUNG COCONUT, MEDIUM, 1 PC",Commercial crops,18.01
733,2015,"YOUNG COCONUT, MEDIUM, 1 PC",Commercial crops,18.98
734,2016,"YOUNG COCONUT, MEDIUM, 1 PC",Commercial crops,20.05
735,2017,"YOUNG COCONUT, MEDIUM, 1 PC",Commercial crops,21.46
736,2018,"YOUNG COCONUT, MEDIUM, 1 PC",Commercial crops,22.66
737,2019,"YOUNG COCONUT, MEDIUM, 1 PC",Commercial crops,23.1
738,2020,"YOUNG COCONUT, MEDIUM, 1 PC",Commercial crops,23.95
739,2021,"YOUNG COCONUT, MEDIUM, 1 PC",Commercial crops,25.1
740,2012,"FRESH, BEEF, MEAT WITH BONES, 1 KG",Livestock,180.21
741,2013,"FRESH, BEEF, MEAT WITH BONES, 1 KG",Livestock,186.06
742,2014,"FRESH, BEEF, MEAT WITH BONES, 1 KG",Livestock,192.03
743,2015,"FRESH, BEEF, MEAT WITH BONES, 1 KG",Livestock,196.14
744,2016,"FRESH, BEEF, MEAT WITH BONES, 1 KG",Livestock,199.86
745,2017,"FRESH, BEEF, MEAT WITH BONES, 1 KG",Livestock,212.11
746,2018,"FRESH, BEEF, MEAT WITH BONES, 1 KG",Livestock,227.18
747,2019,"FRESH, BEEF, MEAT WITH BONES, 1 KG",Livestock,236.32
748,2020,"FRESH, BEEF, MEAT WITH BONES, 1 KG",Livestock,248.48
749,2021,"FRESH, BEEF, MEAT WITH BONES, 1 KG",Livestock,283.13
750,2012,"FRESH, BEEF, PURE MEAT, 1 KG",Livestock,220.43
751,2013,"FRESH, BEEF, PURE MEAT, 1 KG",Livestock,226.13
752,2014,"FRESH, BEEF, PURE MEAT, 1 KG",Livestock,233.1
753,2015,"FRESH, BEEF, PURE MEAT, 1 KG",Livestock,237.25
754,2016,"FRESH, BEEF, PURE MEAT, 1 KG",Livestock,242.59
755,2017,"FRESH, BEEF, PURE MEAT, 1 KG",Livestock,254.81
756,2018,"FRESH, BEEF, PURE MEAT, 1 KG",Livestock,278.72
757,2019,"FRESH, BEEF, PURE MEAT, 1 KG",Livestock,295.66
758,2020,"FRESH, BEEF, PURE MEAT, 1 KG",Livestock,308.12
759,2021,"FRESH, BEEF, PURE MEAT, 1 KG",Livestock,339.7
760,2012,"FRESH, PORK PATA (FORE/FRONT), 1 KG",Livestock,121.1
761,2013,"FRESH, PORK PATA (FORE/FRONT), 1 KG",Livestock,126.81
762,2014,"FRESH, PORK PATA (FORE/FRONT), 1 KG",Livestock,140.44
763,2015,"FRESH, PORK PATA (FORE/FRONT), 1 KG",Livestock,154.72
764,2016,"FRESH, PORK PATA (FORE/FRONT), 1 KG",Livestock,157.74
765,2017,"FRESH, PORK PATA (FORE/FRONT), 1 KG",Livestock,167.65
766,2018,"FRESH, PORK PATA (FORE/FRONT), 1 KG",Livestock,179.35
767,2019,"FRESH, PORK PATA (FORE/FRONT), 1 KG",Livestock,180.16
768,2020,"FRESH, PORK PATA (FORE/FRONT), 1 KG",Livestock,200.59
769,2021,"FRESH, PORK PATA (FORE/FRONT), 1 KG",Livestock,284.22
770,2012,"FRESH, PORK, MEAT WITH BONES, 1 KG",Livestock,156.13
771,2013,"FRESH, PORK, MEAT WITH BONES, 1 KG",Livestock,161.92
772,2014,"FRESH, PORK, MEAT WITH BONES, 1 KG",Livestock,171
773,2015,"FRESH, PORK, MEAT WITH BONES, 1 KG",Livestock,173.99
774,2016,"FRESH, PORK, MEAT WITH BONES, 1 KG",Livestock,173.27
775,2017,"FRESH, PORK, MEAT WITH BONES, 1 KG",Livestock,180.43
776,2018,"FRESH, PORK, MEAT WITH BONES, 1 KG",Livestock,191.47
777,2019,"FRESH, PORK, MEAT WITH BONES, 1 KG",Livestock,194.38
778,2020,"FRESH, PORK, MEAT WITH BONES, 1 KG",Livestock,197.43
779,2021,"FRESH, PORK, MEAT WITH BONES, 1 KG",Livestock,258.96
780,2012,"FRESH, PORK, PURE MEAT, 1 KG",Livestock,174
781,2013,"FRESH, PORK, PURE MEAT, 1 KG",Livestock,179.34
782,2014,"FRESH, PORK, PURE MEAT, 1 KG",Livestock,190.02
783,2015,"FRESH, PORK, PURE MEAT, 1 KG",Livestock,192.35
784,2016,"FRESH, PORK, PURE MEAT, 1 KG",Livestock,190.08
785,2017,"FRESH, PORK, PURE MEAT, 1 KG",Livestock,199.39
786,2018,"FRESH, PORK, PURE MEAT, 1 KG",Livestock,215.14
787,2019,"FRESH, PORK, PURE MEAT, 1 KG",Livestock,215.88
788,2020,"FRESH, PORK, PURE MEAT, 1 KG",Livestock,221.42
789,2021,"FRESH, PORK, PURE MEAT, 1 KG",Livestock,290.93
790,2012,"FRESH CHICKEN, FULLY DRESSED (BROILER), 1 KG",Poultry,137.88
791,2013,"FRESH CHICKEN, FULLY DRESSED (BROILER), 1 KG",Poultry,139.42
792,2014,"FRESH CHICKEN, FULLY DRESSED (BROILER), 1 KG",Poultry,144.27
793,2015,"FRESH CHICKEN, FULLY DRESSED (BROILER), 1 KG",Poultry,144.53
794,2016,"FRESH CHICKEN, FULLY DRESSED (BROILER), 1 KG",Poultry,146.43
795,2017,"FRESH CHICKEN, FULLY DRESSED (BROILER), 1 KG",Poultry,150.1
796,2018,"FRESH CHICKEN, FULLY DRESSED (BROILER), 1 KG",Poultry,158.24
797,2019,"FRESH CHICKEN, FULLY DRESSED (BROILER), 1 KG",Poultry,161.14
798,2020,"FRESH CHICKEN, FULLY DRESSED (BROILER), 1 KG",Poultry,161.93
799,2021,"FRESH CHICKEN, FULLY DRESSED (BROILER), 1 KG",Poultry,177.9
800,2012,"FRESH EGG, CHICKEN, MEDIUM, 1 PC",Poultry,5.29
801,2013,"FRESH EGG, CHICKEN, MEDIUM, 1 PC",Poultry,5.37
802,2014,"FRESH EGG, CHICKEN, MEDIUM, 1 PC",Poultry,5.63
803,2015,"FRESH EGG, CHICKEN, MEDIUM, 1 PC",Poultry,5.79
804,2016,"FRESH EGG, CHICKEN, MEDIUM, 1 PC",Poultry,5.93
805,2017,"FRESH EGG, CHICKEN, MEDIUM, 1 PC",Poultry,6.12
806,2018,"FRESH EGG, CHICKEN, MEDIUM, 1 PC",Poultry,6.2
807,2019,"FRESH EGG, CHICKEN, MEDIUM, 1 PC",Poultry,6.41
808,2020,"FRESH EGG, CHICKEN, MEDIUM, 1 PC",Poultry,7.01
809,2021,"FRESH EGG, CHICKEN, MEDIUM, 1 PC",Poultry,7.11
810,2012,"FRESH EGG, DUCK, MEDIUM, 1 PC",Poultry,6.14
811,2013,"FRESH EGG, DUCK, MEDIUM, 1 PC",Poultry,6.26
812,2014,"FRESH EGG, DUCK, MEDIUM, 1 PC",Poultry,6.5
813,2015,"FRESH EGG, DUCK, MEDIUM, 1 PC",Poultry,6.7
814,2016,"FRESH EGG, DUCK, MEDIUM, 1 PC",Poultry,6.87
815,2017,"FRESH EGG, DUCK, MEDIUM, 1 PC",Poultry,7.17
816,2018,"FRESH EGG, DUCK, MEDIUM, 1 PC",Poultry,7.5
817,2019,"FRESH EGG, DUCK, MEDIUM, 1 PC",Poultry,7.55
818,2020,"FRESH EGG, DUCK, MEDIUM, 1 PC",Poultry,8.01
819,2021,"FRESH EGG, DUCK, MEDIUM, 1 PC",Poultry,8.37
820,2012,"FRESH FISH, CAESIO, DALAGANG-BUKID, MEDIUM, 1 KG",Fish,149.66
821,2013,"FRESH FISH, CAESIO, DALAGANG-BUKID, MEDIUM, 1 KG",Fish,154.12
822,2014,"FRESH FISH, CAESIO, DALAGANG-BUKID, MEDIUM, 1 KG",Fish,158.99
823,2015,"FRESH FISH, CAESIO, DALAGANG-BUKID, MEDIUM, 1 KG",Fish,171.69
824,2016,"FRESH FISH, CAESIO, DALAGANG-BUKID, MEDIUM, 1 KG",Fish,174.57
825,2017,"FRESH FISH, CAESIO, DALAGANG-BUKID, MEDIUM, 1 KG",Fish,185.79
826,2018,"FRESH FISH, CAESIO, DALAGANG-BUKID, MEDIUM, 1 KG",Fish,209.1
827,2019,"FRESH FISH, CAESIO, DALAGANG-BUKID, MEDIUM, 1 KG",Fish,225.22
828,2020,"FRESH FISH, CAESIO, DALAGANG-BUKID, MEDIUM, 1 KG",Fish,241.2
829,2021,"FRESH FISH, CAESIO, DALAGANG-BUKID, MEDIUM, 1 KG",Fish,265.86
830,2012,"FRESH FISH, DALAG, MEDIUM, 1 KG",Fish,133.67
831,2013,"FRESH FISH, DALAG, MEDIUM, 1 KG",Fish,141
832,2014,"FRESH FISH, DALAG, MEDIUM, 1 KG",Fish,146.83
833,2015,"FRESH FISH, DALAG, MEDIUM, 1 KG",Fish,158.06
834,2016,"FRESH FISH, DALAG, MEDIUM, 1 KG",Fish,172.7
835,2017,"FRESH FISH, DALAG, MEDIUM, 1 KG",Fish,181.19
836,2018,"FRESH FISH, DALAG, MEDIUM, 1 KG",Fish,183.79
837,2019,"FRESH FISH, DALAG, MEDIUM, 1 KG",Fish,193.97
838,2020,"FRESH FISH, DALAG, MEDIUM, 1 KG",Fish,201.72
839,2021,"FRESH FISH, DALAG, MEDIUM, 1 KG",Fish,206.96
840,2012,"FRESH FISH, DILIS (ANCHOVIES), 1 KG",Fish,96.38
841,2013,"FRESH FISH, DILIS (ANCHOVIES), 1 KG",Fish,98.2
842,2014,"FRESH FISH, DILIS (ANCHOVIES), 1 KG",Fish,102.33
843,2015,"FRESH FISH, DILIS (ANCHOVIES), 1 KG",Fish,104.06
844,2016,"FRESH FISH, DILIS (ANCHOVIES), 1 KG",Fish,104.03
845,2017,"FRESH FISH, DILIS (ANCHOVIES), 1 KG",Fish,108.87
846,2018,"FRESH FISH, DILIS (ANCHOVIES), 1 KG",Fish,118.39
847,2019,"FRESH FISH, DILIS (ANCHOVIES), 1 KG",Fish,120.77
848,2020,"FRESH FISH, DILIS (ANCHOVIES), 1 KG",Fish,130.25
849,2021,"FRESH FISH, DILIS (ANCHOVIES), 1 KG",Fish,144.3
850,2012,"FRESH FISH, DILIS (ANCHOVIES), BOLINAO, 1 KG",Fish,104.21
851,2013,"FRESH FISH, DILIS (ANCHOVIES), BOLINAO, 1 KG",Fish,100.1
852,2014,"FRESH FISH, DILIS (ANCHOVIES), BOLINAO, 1 KG",Fish,83.07
853,2015,"FRESH FISH, DILIS (ANCHOVIES), BOLINAO, 1 KG",Fish,105.12
854,2016,"FRESH FISH, DILIS (ANCHOVIES), BOLINAO, 1 KG",Fish,119.29
855,2017,"FRESH FISH, DILIS (ANCHOVIES), BOLINAO, 1 KG",Fish,88.75
856,2018,"FRESH FISH, DILIS (ANCHOVIES), BOLINAO, 1 KG",Fish,125.69
857,2019,"FRESH FISH, DILIS (ANCHOVIES), BOLINAO, 1 KG",Fish,171.77
858,2020,"FRESH FISH, DILIS (ANCHOVIES), BOLINAO, 1 KG",Fish,174.86
859,2021,"FRESH FISH, DILIS (ANCHOVIES), BOLINAO, 1 KG",Fish,197.82
860,2012,"FRESH FISH, GROUPER, LAPU-LAPU, MEDIUM, 1 KG",Fish,222.99
861,2013,"FRESH FISH, GROUPER, LAPU-LAPU, MEDIUM, 1 KG",Fish,230.45
862,2014,"FRESH FISH, GROUPER, LAPU-LAPU, MEDIUM, 1 KG",Fish,246.27
863,2015,"FRESH FISH, GROUPER, LAPU-LAPU, MEDIUM, 1 KG",Fish,252.05
864,2016,"FRESH FISH, GROUPER, LAPU-LAPU, MEDIUM, 1 KG",Fish,258.31
865,2017,"FRESH FISH, GROUPER, LAPU-LAPU, MEDIUM, 1 KG",Fish,282.39
866,2018,"FRESH FISH, GROUPER, LAPU-LAPU, MEDIUM, 1 KG",Fish,308.84
867,2019,"FRESH FISH, GROUPER, LAPU-LAPU, MEDIUM, 1 KG",Fish,313.5
868,2020,"FRESH FISH, GROUPER, LAPU-LAPU, MEDIUM, 1 KG",Fish,313.66
869,2021,"FRESH FISH, GROUPER, LAPU-LAPU, MEDIUM, 1 KG",Fish,338.48
870,2012,"FRESH FISH, MACKEREL, ALUMAHAN, MEDIUM, 1 KG",Fish,119.27
871,2013,"FRESH FISH, MACKEREL, ALUMAHAN, MEDIUM, 1 KG",Fish,121.77
872,2014,"FRESH FISH, MACKEREL, ALUMAHAN, MEDIUM, 1 KG",Fish,122.71
873,2015,"FRESH FISH, MACKEREL, ALUMAHAN, MEDIUM, 1 KG",Fish,123.86
874,2016,"FRESH FISH, MACKEREL, ALUMAHAN, MEDIUM, 1 KG",Fish,127.31
875,2017,"FRESH FISH, MACKEREL, ALUMAHAN, MEDIUM, 1 KG",Fish,136.84
876,2018,"FRESH FISH, MACKEREL, ALUMAHAN, MEDIUM, 1 KG",Fish,162.29
877,2019,"FRESH FISH, MACKEREL, ALUMAHAN, MEDIUM, 1 KG",Fish,165.94
878,2020,"FRESH FISH, MACKEREL, ALUMAHAN, MEDIUM, 1 KG",Fish,161.93
879,2021,"FRESH FISH, MACKEREL, ALUMAHAN, MEDIUM, 1 KG",Fish,200.92
880,2012,"FRESH FISH, MACKEREL, HASA-HASA, MEDIUM, 1 KG",Fish,128.39
881,2013,"FRESH FISH, MACKEREL, HASA-HASA, MEDIUM, 1 KG",Fish,131.51
882,2014,"FRESH FISH, MACKEREL, HASA-HASA, MEDIUM, 1 KG",Fish,131.98
883,2015,"FRESH FISH, MACKEREL, HASA-HASA, MEDIUM, 1 KG",Fish,141.9
884,2016,"FRESH FISH, MACKEREL, HASA-HASA, MEDIUM, 1 KG",Fish,141.09
885,2017,"FRESH FISH, MACKEREL, HASA-HASA, MEDIUM, 1 KG",Fish,157.19
886,2018,"FRESH FISH, MACKEREL, HASA-HASA, MEDIUM, 1 KG",Fish,188.35
887,2019,"FRESH FISH, MACKEREL, HASA-HASA, MEDIUM, 1 KG",Fish,192.34
888,2020,"FRESH FISH, MACKEREL, HASA-HASA, MEDIUM, 1 KG",Fish,213.25
889,2021,"FRESH FISH, MACKEREL, HASA-HASA, MEDIUM, 1 KG",Fish,225.67
890,2012,"FRESH FISH, MILKFISH, BANGUS, DAGUPAN, MEDIUM, 1 KG",Fish,138.8
891,2013,"FRESH FISH, MILKFISH, BANGUS, DAGUPAN, MEDIUM, 1 KG",Fish,131.04
892,2014,"FRESH FISH, MILKFISH, BANGUS, DAGUPAN, MEDIUM, 1 KG",Fish,127.33
893,2015,"FRESH FISH, MILKFISH, BANGUS, DAGUPAN, MEDIUM, 1 KG",Fish,126.6
894,2016,"FRESH FISH, MILKFISH, BANGUS, DAGUPAN, MEDIUM, 1 KG",Fish,126.82
895,2017,"FRESH FISH, MILKFISH, BANGUS, DAGUPAN, MEDIUM, 1 KG",Fish,127.81
896,2018,"FRESH FISH, MILKFISH, BANGUS, DAGUPAN, MEDIUM, 1 KG",Fish,155.68
897,2019,"FRESH FISH, MILKFISH, BANGUS, DAGUPAN, MEDIUM, 1 KG",Fish,158.02
898,2020,"FRESH FISH, MILKFISH, BANGUS, DAGUPAN, MEDIUM, 1 KG",Fish,158.87
899,2021,"FRESH FISH, MILKFISH, BANGUS, DAGUPAN, MEDIUM, 1 KG",Fish,161.92
900,2012,"FRESH FISH, MILKFISH, BANGUS, MEDIUM, 1 KG",Fish,129.31
901,2013,"FRESH FISH, MILKFISH, BANGUS, MEDIUM, 1 KG",Fish,129.91
902,2014,"FRESH FISH, MILKFISH, BANGUS, MEDIUM, 1 KG",Fish,130.75
903,2015,"FRESH FISH, MILKFISH, BANGUS, MEDIUM, 1 KG",Fish,135.11
904,2016,"FRESH FISH, MILKFISH, BANGUS, MEDIUM, 1 KG",Fish,134.28
905,2017,"FRESH FISH, MILKFISH, BANGUS, MEDIUM, 1 KG",Fish,140.22
906,2018,"FRESH FISH, MILKFISH, BANGUS, MEDIUM, 1 KG",Fish,160.99
907,2019,"FRESH FISH, MILKFISH, BANGUS, MEDIUM, 1 KG",Fish,170.06
908,2020,"FRESH FISH, MILKFISH, BANGUS, MEDIUM, 1 KG",Fish,171.75
909,2021,"FRESH FISH, MILKFISH, BANGUS, MEDIUM, 1 KG",Fish,182.29
910,2012,"FRESH FISH, NEMIMTERID, BISUGO, MEDIUM, 1 KG",Fish,145.44
911,2013,"FRESH FISH, NEMIMTERID, BISUGO, MEDIUM, 1 KG",Fish,147.22
912,2014,"FRESH FISH, NEMIMTERID, BISUGO, MEDIUM, 1 KG",Fish,150.8
913,2015,"FRESH FISH, NEMIMTERID, BISUGO, MEDIUM, 1 KG",Fish,158.42
914,2016,"FRESH FISH, NEMIMTERID, BISUGO, MEDIUM, 1 KG",Fish,163.05
915,2017,"FRESH FISH, NEMIMTERID, BISUGO, MEDIUM, 1 KG",Fish,186.1
916,2018,"FRESH FISH, NEMIMTERID, BISUGO, MEDIUM, 1 KG",Fish,217.85
917,2019,"FRESH FISH, NEMIMTERID, BISUGO, MEDIUM, 1 KG",Fish,237.75
918,2020,"FRESH FISH, NEMIMTERID, BISUGO, MEDIUM, 1 KG",Fish,244.32
919,2021,"FRESH FISH, NEMIMTERID, BISUGO, MEDIUM, 1 KG",Fish,269.11
920,2012,"FRESH FISH, OCEANIC BONITO, TULINGANG LAPAD, MED, 1 KG",Fish,89.28
921,2013,"FRESH FISH, OCEANIC BONITO, TULINGANG LAPAD, MED, 1 KG",Fish,97.21
922,2014,"FRESH FISH, OCEANIC BONITO, TULINGANG LAPAD, MED, 1 KG",Fish,95.65
923,2015,"FRESH FISH, OCEANIC BONITO, TULINGANG LAPAD, MED, 1 KG",Fish,107.51
924,2016,"FRESH FISH, OCEANIC BONITO, TULINGANG LAPAD, MED, 1 KG",Fish,113.8
925,2017,"FRESH FISH, OCEANIC BONITO, TULINGANG LAPAD, MED, 1 KG",Fish,110.22
926,2018,"FRESH FISH, OCEANIC BONITO, TULINGANG LAPAD, MED, 1 KG",Fish,128.32
927,2019,"FRESH FISH, OCEANIC BONITO, TULINGANG LAPAD, MED, 1 KG",Fish,126.25
928,2020,"FRESH FISH, OCEANIC BONITO, TULINGANG LAPAD, MED, 1 KG",Fish,130.87
929,2021,"FRESH FISH, OCEANIC BONITO, TULINGANG LAPAD, MED, 1 KG",Fish,137.36
930,2012,"FRESH FISH, OCEANIC BONITO, TULINGANG PUTI, MEDIUM, 1 KG",Fish,117.83
931,2013,"FRESH FISH, OCEANIC BONITO, TULINGANG PUTI, MEDIUM, 1 KG",Fish,120.57
932,2014,"FRESH FISH, OCEANIC BONITO, TULINGANG PUTI, MEDIUM, 1 KG",Fish,126.69
933,2015,"FRESH FISH, OCEANIC BONITO, TULINGANG PUTI, MEDIUM, 1 KG",Fish,133.67
934,2016,"FRESH FISH, OCEANIC BONITO, TULINGANG PUTI, MEDIUM, 1 KG",Fish,128.53
935,2017,"FRESH FISH, OCEANIC BONITO, TULINGANG PUTI, MEDIUM, 1 KG",Fish,143.26
936,2018,"FRESH FISH, OCEANIC BONITO, TULINGANG PUTI, MEDIUM, 1 KG",Fish,156.28
937,2019,"FRESH FISH, OCEANIC BONITO, TULINGANG PUTI, MEDIUM, 1 KG",Fish,162.3
938,2020,"FRESH FISH, OCEANIC BONITO, TULINGANG PUTI, MEDIUM, 1 KG",Fish,170.23
939,2021,"FRESH FISH, OCEANIC BONITO, TULINGANG PUTI, MEDIUM, 1 KG",Fish,184.98
940,2012,"FRESH FISH, ROUND SCAD, GALUNGGONG, MEDIUM, 1 KG",Fish,107.22
941,2013,"FRESH FISH, ROUND SCAD, GALUNGGONG, MEDIUM, 1 KG",Fish,108.74
942,2014,"FRESH FISH, ROUND SCAD, GALUNGGONG, MEDIUM, 1 KG",Fish,111.67
943,2015,"FRESH FISH, ROUND SCAD, GALUNGGONG, MEDIUM, 1 KG",Fish,117.44
944,2016,"FRESH FISH, ROUND SCAD, GALUNGGONG, MEDIUM, 1 KG",Fish,113.44
945,2017,"FRESH FISH, ROUND SCAD, GALUNGGONG, MEDIUM, 1 KG",Fish,122.6
946,2018,"FRESH FISH, ROUND SCAD, GALUNGGONG, MEDIUM, 1 KG",Fish,140.28
947,2019,"FRESH FISH, ROUND SCAD, GALUNGGONG, MEDIUM, 1 KG",Fish,143.77
948,2020,"FRESH FISH, ROUND SCAD, GALUNGGONG, MEDIUM, 1 KG",Fish,162.17
949,2021,"FRESH FISH, ROUND SCAD, GALUNGGONG, MEDIUM, 1 KG",Fish,181.51
950,2012,"FRESH FISH, SLIPMOUTH, SAPSAP, MEDIUM, 1 KG",Fish,125.08
951,2013,"FRESH FISH, SLIPMOUTH, SAPSAP, MEDIUM, 1 KG",Fish,126.67
952,2014,"FRESH FISH, SLIPMOUTH, SAPSAP, MEDIUM, 1 KG",Fish,132.55
953,2015,"FRESH FISH, SLIPMOUTH, SAPSAP, MEDIUM, 1 KG",Fish,138.34
954,2016,"FRESH FISH, SLIPMOUTH, SAPSAP, MEDIUM, 1 KG",Fish,139.64
955,2017,"FRESH FISH, SLIPMOUTH, SAPSAP, MEDIUM, 1 KG",Fish,156.47
956,2018,"FRESH FISH, SLIPMOUTH, SAPSAP, MEDIUM, 1 KG",Fish,175.52
957,2019,"FRESH FISH, SLIPMOUTH, SAPSAP, MEDIUM, 1 KG",Fish,183.79
958,2020,"FRESH FISH, SLIPMOUTH, SAPSAP, MEDIUM, 1 KG",Fish,198.86
959,2021,"FRESH FISH, SLIPMOUTH, SAPSAP, MEDIUM, 1 KG",Fish,215.15
960,2012,"FRESH FISH, SNAPPER, MAYA-MAYA, MEDIUM, 1 KG",Fish,130.23
961,2013,"FRESH FISH, SNAPPER, MAYA-MAYA, MEDIUM, 1 KG",Fish,130.52
962,2014,"FRESH FISH, SNAPPER, MAYA-MAYA, MEDIUM, 1 KG",Fish,131.23
963,2015,"FRESH FISH, SNAPPER, MAYA-MAYA, MEDIUM, 1 KG",Fish,139.43
964,2016,"FRESH FISH, SNAPPER, MAYA-MAYA, MEDIUM, 1 KG",Fish,181.58
965,2017,"FRESH FISH, SNAPPER, MAYA-MAYA, MEDIUM, 1 KG",Fish,198.06
966,2018,"FRESH FISH, SNAPPER, MAYA-MAYA, MEDIUM, 1 KG",Fish,217.68
967,2019,"FRESH FISH, SNAPPER, MAYA-MAYA, MEDIUM, 1 KG",Fish,230.86
968,2020,"FRESH FISH, SNAPPER, MAYA-MAYA, MEDIUM, 1 KG",Fish,234.54
969,2021,"FRESH FISH, SNAPPER, MAYA-MAYA, MEDIUM, 1 KG",Fish,265.95
970,2012,"FRESH FISH, TALAKITOK (MAMSA), MEDIUM, 1 KG",Fish,198.72
971,2013,"FRESH FISH, TALAKITOK (MAMSA), MEDIUM, 1 KG",Fish,208.02
972,2014,"FRESH FISH, TALAKITOK (MAMSA), MEDIUM, 1 KG",Fish,216.18
973,2015,"FRESH FISH, TALAKITOK (MAMSA), MEDIUM, 1 KG",Fish,226.68
974,2016,"FRESH FISH, TALAKITOK (MAMSA), MEDIUM, 1 KG",Fish,231.54
975,2017,"FRESH FISH, TALAKITOK (MAMSA), MEDIUM, 1 KG",Fish,259.58
976,2018,"FRESH FISH, TALAKITOK (MAMSA), MEDIUM, 1 KG",Fish,284.12
977,2019,"FRESH FISH, TALAKITOK (MAMSA), MEDIUM, 1 KG",Fish,292.32
978,2020,"FRESH FISH, TALAKITOK (MAMSA), MEDIUM, 1 KG",Fish,300.33
979,2021,"FRESH FISH, TALAKITOK (MAMSA), MEDIUM, 1 KG",Fish,306.17
980,2012,"FRESH FISH, TILAPIA, MEDIUM, 1 KG",Fish,103.14
981,2013,"FRESH FISH, TILAPIA, MEDIUM, 1 KG",Fish,107.49
982,2014,"FRESH FISH, TILAPIA, MEDIUM, 1 KG",Fish,110.96
983,2015,"FRESH FISH, TILAPIA, MEDIUM, 1 KG",Fish,113.62
984,2016,"FRESH FISH, TILAPIA, MEDIUM, 1 KG",Fish,114.68
985,2017,"FRESH FISH, TILAPIA, MEDIUM, 1 KG",Fish,118.58
986,2018,"FRESH FISH, TILAPIA, MEDIUM, 1 KG",Fish,126.76
987,2019,"FRESH FISH, TILAPIA, MEDIUM, 1 KG",Fish,130.28
988,2020,"FRESH FISH, TILAPIA, MEDIUM, 1 KG",Fish,140.63
989,2021,"FRESH FISH, TILAPIA, MEDIUM, 1 KG",Fish,146.48
990,2012,"FRESH FISH, TULINGAN (FRIGATE TUNA), MEDIUM, 1 KG",Fish,105.61
991,2013,"FRESH FISH, TULINGAN (FRIGATE TUNA), MEDIUM, 1 KG",Fish,106.54
992,2014,"FRESH FISH, TULINGAN (FRIGATE TUNA), MEDIUM, 1 KG",Fish,115.36
993,2015,"FRESH FISH, TULINGAN (FRIGATE TUNA), MEDIUM, 1 KG",Fish,123.17
994,2016,"FRESH FISH, TULINGAN (FRIGATE TUNA), MEDIUM, 1 KG",Fish,120.12
995,2017,"FRESH FISH, TULINGAN (FRIGATE TUNA), MEDIUM, 1 KG",Fish,129.09
996,2018,"FRESH FISH, TULINGAN (FRIGATE TUNA), MEDIUM, 1 KG",Fish,143.49
997,2019,"FRESH FISH, TULINGAN (FRIGATE TUNA), MEDIUM, 1 KG",Fish,148.88
998,2020,"FRESH FISH, TULINGAN (FRIGATE TUNA), MEDIUM, 1 KG",Fish,156.37
999,2021,"FRESH FISH, TULINGAN (FRIGATE TUNA), MEDIUM, 1 KG",Fish,176.92
1000,2012,"FRESH CRABS, ALIMANGO, MEDIUM, 1 KG",Fish,291.13
1001,2013,"FRESH CRABS, ALIMANGO, MEDIUM, 1 KG",Fish,291.14
1002,2014,"FRESH CRABS, ALIMANGO, MEDIUM, 1 KG",Fish,293.68
1003,2015,"FRESH CRABS, ALIMANGO, MEDIUM, 1 KG",Fish,304.27
1004,2016,"FRESH CRABS, ALIMANGO, MEDIUM, 1 KG",Fish,324.24
1005,2017,"FRESH CRABS, ALIMANGO, MEDIUM, 1 KG",Fish,357.51
1006,2018,"FRESH CRABS, ALIMANGO, MEDIUM, 1 KG",Fish,401.66
1007,2019,"FRESH CRABS, ALIMANGO, MEDIUM, 1 KG",Fish,435.77
1008,2020,"FRESH CRABS, ALIMANGO, MEDIUM, 1 KG",Fish,453.13
1009,2021,"FRESH CRABS, ALIMANGO, MEDIUM, 1 KG",Fish,471.39
1010,2012,"FRESH CRABS, ALIMASAG, MEDIUM, 1 KG",Fish,202.47
1011,2013,"FRESH CRABS, ALIMASAG, MEDIUM, 1 KG",Fish,209.14
1012,2014,"FRESH CRABS, ALIMASAG, MEDIUM, 1 KG",Fish,218.2
1013,2015,"FRESH CRABS, ALIMASAG, MEDIUM, 1 KG",Fish,226
1014,2016,"FRESH CRABS, ALIMASAG, MEDIUM, 1 KG",Fish,224.95
1015,2017,"FRESH CRABS, ALIMASAG, MEDIUM, 1 KG",Fish,243.58
1016,2018,"FRESH CRABS, ALIMASAG, MEDIUM, 1 KG",Fish,270.04
1017,2019,"FRESH CRABS, ALIMASAG, MEDIUM, 1 KG",Fish,277.68
1018,2020,"FRESH CRABS, ALIMASAG, MEDIUM, 1 KG",Fish,287.32
1019,2021,"FRESH CRABS, ALIMASAG, MEDIUM, 1 KG",Fish,317.36
1020,2012,"FRESH SHRIMP, PUTI, MEDIUM, 1 KG",Fish,269.03
1021,2013,"FRESH SHRIMP, PUTI, MEDIUM, 1 KG",Fish,270.71
1022,2014,"FRESH SHRIMP, PUTI, MEDIUM, 1 KG",Fish,285.15
1023,2015,"FRESH SHRIMP, PUTI, MEDIUM, 1 KG",Fish,287.85
1024,2016,"FRESH SHRIMP, PUTI, MEDIUM, 1 KG",Fish,292.4
1025,2017,"FRESH SHRIMP, PUTI, MEDIUM, 1 KG",Fish,315.27
1026,2018,"FRESH SHRIMP, PUTI, MEDIUM, 1 KG",Fish,329.62
1027,2019,"FRESH SHRIMP, PUTI, MEDIUM, 1 KG",Fish,329.49
1028,2020,"FRESH SHRIMP, PUTI, MEDIUM, 1 KG",Fish,334.98
1029,2021,"FRESH SHRIMP, PUTI, MEDIUM, 1 KG",Fish,338.28
1030,2012,"FRESH SHRIMP, SUAJE, 1 KG",Fish,308.11
1031,2013,"FRESH SHRIMP, SUAJE, 1 KG",Fish,311.27
1032,2014,"FRESH SHRIMP, SUAJE, 1 KG",Fish,338.36
1033,2015,"FRESH SHRIMP, SUAJE, 1 KG",Fish,354.87
1034,2016,"FRESH SHRIMP, SUAJE, 1 KG",Fish,341.41
1035,2017,"FRESH SHRIMP, SUAJE, 1 KG",Fish,374.17
1036,2018,"FRESH SHRIMP, SUAJE, 1 KG",Fish,407.35
1037,2019,"FRESH SHRIMP, SUAJE, 1 KG",Fish,457.99
1038,2020,"FRESH SHRIMP, SUAJE, 1 KG",Fish,476.28
1039,2021,"FRESH SHRIMP, SUAJE, 1 KG",Fish,491.83
1040,2012,"FRESH SHRIMP, SUAJE, ENDEAVOR PRAWN, MEDIUM, 1 KG",Fish,290.46
1041,2013,"FRESH SHRIMP, SUAJE, ENDEAVOR PRAWN, MEDIUM, 1 KG",Fish,335.2
1042,2014,"FRESH SHRIMP, SUAJE, ENDEAVOR PRAWN, MEDIUM, 1 KG",Fish,361.96
1043,2015,"FRESH SHRIMP, SUAJE, ENDEAVOR PRAWN, MEDIUM, 1 KG",Fish,371.59
1044,2016,"FRESH SHRIMP, SUAJE, ENDEAVOR PRAWN, MEDIUM, 1 KG",Fish,368.18
1045,2017,"FRESH SHRIMP, SUAJE, ENDEAVOR PRAWN, MEDIUM, 1 KG",Fish,370.05
1046,2018,"FRESH SHRIMP, SUAJE, ENDEAVOR PRAWN, MEDIUM, 1 KG",Fish,399.8
1047,2019,"FRESH SHRIMP, SUAJE, ENDEAVOR PRAWN, MEDIUM, 1 KG",Fish,412.88
1048,2020,"FRESH SHRIMP, SUAJE, ENDEAVOR PRAWN, MEDIUM, 1 KG",Fish,424.95
1049,2021,"FRESH SHRIMP, SUAJE, ENDEAVOR PRAWN, MEDIUM, 1 KG",Fish,491.24
1050,2012,"FRESH SHRIMP, SUAJE, MEDIUM, 1 KG",Fish,317.06
1051,2013,"FRESH SHRIMP, SUAJE, MEDIUM, 1 KG",Fish,317.48
1052,2014,"FRESH SHRIMP, SUAJE, MEDIUM, 1 KG",Fish,325
1053,2015,"FRESH SHRIMP, SUAJE, MEDIUM, 1 KG",Fish,320.21
1054,2016,"FRESH SHRIMP, SUAJE, MEDIUM, 1 KG",Fish,330.33
1055,2017,"FRESH SHRIMP, SUAJE, MEDIUM, 1 KG",Fish,360.92
1056,2018,"FRESH SHRIMP, SUAJE, MEDIUM, 1 KG",Fish,393.78
1057,2019,"FRESH SHRIMP, SUAJE, MEDIUM, 1 KG",Fish,393.61
1058,2020,"FRESH SHRIMP, SUAJE, MEDIUM, 1 KG",Fish,406.66
1059,2021,"FRESH SHRIMP, SUAJE, MEDIUM, 1 KG",Fish,413.83
1060,2012,"FRESH SHRIMP, SUGPO, MEDIUM, 1 KG",Fish,370.1
1061,2013,"FRESH SHRIMP, SUGPO, MEDIUM, 1 KG",Fish,378.48
1062,2014,"FRESH SHRIMP, SUGPO, MEDIUM, 1 KG",Fish,394.18
1063,2015,"FRESH SHRIMP, SUGPO, MEDIUM, 1 KG",Fish,404.45
1064,2016,"FRESH SHRIMP, SUGPO, MEDIUM, 1 KG",Fish,418.42
1065,2017,"FRESH SHRIMP, SUGPO, MEDIUM, 1 KG",Fish,441.4
1066,2018,"FRESH SHRIMP, SUGPO, MEDIUM, 1 KG",Fish,470.3
1067,2019,"FRESH SHRIMP, SUGPO, MEDIUM, 1 KG",Fish,496.65
1068,2020,"FRESH SHRIMP, SUGPO, MEDIUM, 1 KG",Fish,514.36
1069,2021,"FRESH SHRIMP, SUGPO, MEDIUM, 1 KG",Fish,529.83
1070,2012,"FRESH SQUID, MEDIUM, 1 KG",Fish,157.98
1071,2013,"FRESH SQUID, MEDIUM, 1 KG",Fish,157.18
1072,2014,"FRESH SQUID, MEDIUM, 1 KG",Fish,167.88
1073,2015,"FRESH SQUID, MEDIUM, 1 KG",Fish,172.58
1074,2016,"FRESH SQUID, MEDIUM, 1 KG",Fish,172.41
1075,2017,"FRESH SQUID, MEDIUM, 1 KG",Fish,195.69
1076,2018,"FRESH SQUID, MEDIUM, 1 KG",Fish,224.83
1077,2019,"FRESH SQUID, MEDIUM, 1 KG",Fish,233.36
1078,2020,"FRESH SQUID, MEDIUM, 1 KG",Fish,242.33
1079,2021,"FRESH SQUID, MEDIUM, 1 KG",Fish,266.73
1080,2012,"FRESH FISH, CATFISH, HITO, MEDIUM, 1 KG",Fish,137.52
1081,2013,"FRESH FISH, CATFISH, HITO, MEDIUM, 1 KG",Fish,139.17
1082,2014,"FRESH FISH, CATFISH, HITO, MEDIUM, 1 KG",Fish,134.99
1083,2015,"FRESH FISH, CATFISH, HITO, MEDIUM, 1 KG",Fish,144.98
1084,2016,"FRESH FISH, CATFISH, HITO, MEDIUM, 1 KG",Fish,149.36
1085,2017,"FRESH FISH, CATFISH, HITO, MEDIUM, 1 KG",Fish,152.25
1086,2018,"FRESH FISH, CATFISH, HITO, MEDIUM, 1 KG",Fish,153.65
1087,2019,"FRESH FISH, CATFISH, HITO, MEDIUM, 1 KG",Fish,155.34
1088,2020,"FRESH FISH, CATFISH, HITO, MEDIUM, 1 KG",Fish,161.61
1089,2021,"FRESH FISH, CATFISH, HITO, MEDIUM, 1 KG",Fish,170.93
1090,2012,"FRESH FISH, SARDINE, TAMBAN, MEDIUM, 1 KG",Fish,67.94
1091,2013,"FRESH FISH, SARDINE, TAMBAN, MEDIUM, 1 KG",Fish,67.14
1092,2014,"FRESH FISH, SARDINE, TAMBAN, MEDIUM, 1 KG",Fish,69.19
1093,2015,"FRESH FISH, SARDINE, TAMBAN, MEDIUM, 1 KG",Fish,67.55
1094,2016,"FRESH FISH, SARDINE, TAMBAN, MEDIUM, 1 KG",Fish,61.94
1095,2017,"FRESH FISH, SARDINE, TAMBAN, MEDIUM, 1 KG",Fish,68.87
1096,2018,"FRESH FISH, SARDINE, TAMBAN, MEDIUM, 1 KG",Fish,76.41
1097,2019,"FRESH FISH, SARDINE, TAMBAN, MEDIUM, 1 KG",Fish,78.38
1098,2020,"FRESH FISH, SARDINE, TAMBAN, MEDIUM, 1 KG",Fish,80.01
1099,2021,"FRESH FISH, SARDINE, TAMBAN, MEDIUM, 1 KG",Fish,87.79
1100,2012,"FRESH FISH, TUNA, YELLOW-FIN (TAMBAKOL), MEDIUM, 1 KG",Fish,147.88
1101,2013,"FRESH FISH, TUNA, YELLOW-FIN (TAMBAKOL), MEDIUM, 1 KG",Fish,156.42
1102,2014,"FRESH FISH, TUNA, YELLOW-FIN (TAMBAKOL), MEDIUM, 1 KG",Fish,162.96
1103,2015,"FRESH FISH, TUNA, YELLOW-FIN (TAMBAKOL), MEDIUM, 1 KG",Fish,175.55
1104,2016,"FRESH FISH, TUNA, YELLOW-FIN (TAMBAKOL), MEDIUM, 1 KG",Fish,165.8
1105,2017,"FRESH FISH, TUNA, YELLOW-FIN (TAMBAKOL), MEDIUM, 1 KG",Fish,176.03
1106,2018,"FRESH FISH, TUNA, YELLOW-FIN (TAMBAKOL), MEDIUM, 1 KG",Fish,197.47
1107,2019,"FRESH FISH, TUNA, YELLOW-FIN (TAMBAKOL), MEDIUM, 1 KG",Fish,211.08
1108,2020,"FRESH FISH, TUNA, YELLOW-FIN (TAMBAKOL), MEDIUM, 1 KG",Fish,222.3
1109,2021,"FRESH FISH, TUNA, YELLOW-FIN (TAMBAKOL), MEDIUM, 1 KG",Fish,236.01
1110,2012,"FRESH SEAWEEDS, LATO, 1 KG",Fish,57.85
1111,2013,"FRESH SEAWEEDS, LATO, 1 KG",Fish,70.82
1112,2014,"FRESH SEAWEEDS, LATO, 1 KG",Fish,72.05
1113,2015,"FRESH SEAWEEDS, LATO, 1 KG",Fish,78.21
1114,2016,"FRESH SEAWEEDS, LATO, 1 KG",Fish,79.15
1115,2017,"FRESH SEAWEEDS, LATO, 1 KG",Fish,78.45
1116,2018,"FRESH SEAWEEDS, LATO, 1 KG",Fish,87.38
1117,2019,"FRESH SEAWEEDS, LATO, 1 KG",Fish,119.37
1118,2020,"FRESH SEAWEEDS, LATO, 1 KG",Fish,132.37
1119,2021,"FRESH SEAWEEDS, LATO, 1 KG",Fish,144.59
1120,2012,"FRESH SHELLS, TAHONG, 1 KG",Fish,55.62
1121,2013,"FRESH SHELLS, TAHONG, 1 KG",Fish,61.77
1122,2014,"FRESH SHELLS, TAHONG, 1 KG",Fish,63.32
1123,2015,"FRESH SHELLS, TAHONG, 1 KG",Fish,67.25
1124,2016,"FRESH SHELLS, TAHONG, 1 KG",Fish,72.89
1125,2017,"FRESH SHELLS, TAHONG, 1 KG",Fish,78.47
1126,2018,"FRESH SHELLS, TAHONG, 1 KG",Fish,85.58
1127,2019,"FRESH SHELLS, TAHONG, 1 KG",Fish,97.73
1128,2020,"FRESH SHELLS, TAHONG, 1 KG",Fish,98.61
1129,2021,"FRESH SHELLS, TAHONG, 1 KG",Fish,102.54